TANK,DATE COLLECTED,Time.point,%COUNTED,COUNTED ON,COUNTED BY,SPECIES,# OF INDIVIDUALS,NOTES
12,11/3/21,T0,100,11/19/21,Bautista,Calanoid,0,
12,11/3/21,T0,100,11/19/21,Bautista,Cyclopoid,3,
12,11/3/21,T0,100,11/19/21,Bautista,Nauplii,0,
12,11/3/21,T0,100,11/19/21,Bautista,Chironomid,0,
12,11/3/21,T0,100,11/19/21,Bautista,Keratella,0,
12,11/3/21,T0,100,11/19/21,Bautista,Kellicottia,0,
2,11/3/21,T0,100,11/19/21,Bautista,Calanoid,0,
2,11/3/21,T0,100,11/19/21,Bautista,Cyclopoid,1,
2,11/3/21,T0,100,11/19/21,Bautista,Nauplii,2,
2,11/3/21,T0,100,11/19/21,Bautista,Chironomid,0,
2,11/3/21,T0,100,11/19/21,Bautista,Keratella,3,
2,11/3/21,T0,100,11/19/21,Bautista,Kellicottia,3,
2,11/3/21,T0,100,11/19/21,Bautista,Daphnia,1,
30,11/3/21,T0,100,11/19/21,Bautista,Calanoid,0,
30,11/3/21,T0,100,11/19/21,Bautista,Cyclopoid,1,
30,11/3/21,T0,100,11/19/21,Bautista,Nauplii,3,
30,11/3/21,T0,100,11/19/21,Bautista,Chironomid,0,
30,11/3/21,T0,100,11/19/21,Bautista,Keratella,6,
30,11/3/21,T0,100,11/19/21,Bautista,Kellicottia,2,
30,11/3/21,T0,100,11/19/21,Bautista,Daphnia,0,
27,11/3/21,T0,100,11/19/21,Bautista,Calanoid,0,
27,11/3/21,T0,100,11/19/21,Bautista,Cyclopoid,1,
27,11/3/21,T0,100,11/19/21,Bautista,Nauplii,1,
27,11/3/21,T0,100,11/19/21,Bautista,Chironomid,0,
27,11/3/21,T0,100,11/19/21,Bautista,Keratella,7,
27,11/3/21,T0,100,11/19/21,Bautista,Kellicottia,4,
27,11/3/21,T0,100,11/19/21,Bautista,Daphnia,1,
1,11/3/21,T0,100,11/20/21,Bautista,Calanoid,1,
1,11/3/21,T0,100,11/20/21,Bautista,Cyclopoid,5,
1,11/3/21,T0,100,11/20/21,Bautista,Nauplii,3,
1,11/3/21,T0,100,11/20/21,Bautista,Chironomid,0,
1,11/3/21,T0,100,11/20/21,Bautista,Keratella,0,
1,11/3/21,T0,100,11/20/21,Bautista,Kellicottia,4,
1,11/3/21,T0,100,11/20/21,Bautista,Daphnia,0,
7,11/3/21,T0,100,11/20/21,Bautista,Calanoid,1,
7,11/3/21,T0,100,11/20/21,Bautista,Cyclopoid,1,
7,11/3/21,T0,100,11/20/21,Bautista,Nauplii,0,
7,11/3/21,T0,100,11/20/21,Bautista,Chironomid,0,
7,11/3/21,T0,100,11/20/21,Bautista,Keratella,3,
7,11/3/21,T0,100,11/20/21,Bautista,Kellicottia,4,
7,11/3/21,T0,100,11/20/21,Bautista,Daphnia,0,
6,11/3/21,T0,100,11/20/21,Bautista,Calanoid,1,
6,11/3/21,T0,100,11/20/21,Bautista,Cyclopoid,0,
6,11/3/21,T0,100,11/20/21,Bautista,Nauplii,1,
6,11/3/21,T0,100,11/20/21,Bautista,Chironomid,0,
6,11/3/21,T0,100,11/20/21,Bautista,Keratella,2,
6,11/3/21,T0,100,11/20/21,Bautista,Kellicottia,4,
6,11/3/21,T0,100,11/20/21,Bautista,Daphnia,1,
2,11/3/21,T0,100,11/8/21,Evelyn,Calanoid,0,
2,11/3/21,T0,100,11/8/21,Evelyn,Cyclopoid,1,
2,11/3/21,T0,100,11/8/21,Evelyn,Chironomid,4,
2,11/3/21,T0,100,11/8/21,Evelyn,Nauplii,2,
2,11/3/21,T0,100,11/8/21,Evelyn,Kellicottia,0,
2,11/3/21,T0,100,11/8/21,Evelyn,Keratella,29,
30,11/3/21,T0,100,11/8/21,Evelyn,Calanoid,0,
30,11/3/21,T0,100,11/8/21,Evelyn,Cyclopoid,0,
30,11/3/21,T0,100,11/8/21,Evelyn,Chironomid,0,
30,11/3/21,T0,100,11/8/21,Evelyn,Nauplii,0,
30,11/3/21,T0,100,11/8/21,Evelyn,Kellicottia,0,
30,11/3/21,T0,100,11/8/21,Evelyn,Keratella,3,
12,11/3/21,T0,100,11/8/21,Evelyn,Calanoid,0,
12,11/3/21,T0,100,11/8/21,Evelyn,Cyclopoid,2,
12,11/3/21,T0,100,11/8/21,Evelyn,Chironomid,0,
12,11/3/21,T0,100,11/8/21,Evelyn,Nauplii,0,
12,11/3/21,T0,100,11/8/21,Evelyn,Kellicottia,0,
12,11/3/21,T0,100,11/8/21,Evelyn,Keratella,2,
19,11/3/21,T0,100,11/8/21,Evelyn,Calanoid,0,
19,11/3/21,T0,100,11/8/21,Evelyn,Cyclopoid,1,
19,11/3/21,T0,100,11/8/21,Evelyn,Chironomid,0,
19,11/3/21,T0,100,11/8/21,Evelyn,Nauplii,0,
19,11/3/21,T0,100,11/8/21,Evelyn,Kellicottia,0,
19,11/3/21,T0,100,11/8/21,Evelyn,Keratella,2,
22,11/3/21,T0,100,11/8/21,Evelyn,Calanoid,0,
22,11/3/21,T0,100,11/8/21,Evelyn,Cyclopoid,0,
22,11/3/21,T0,100,11/8/21,Evelyn,Chironomid,0,
22,11/3/21,T0,100,11/8/21,Evelyn,Nauplii,0,
22,11/3/21,T0,100,11/8/21,Evelyn,Kellicottia,0,
22,11/3/21,T0,100,11/8/21,Evelyn,Keratella,1,
8,11/3/21,T0,100,11/8/21,Evelyn,Calanoid,1,
8,11/3/21,T0,100,11/8/21,Evelyn,Cyclopoid,1,
8,11/3/21,T0,100,11/8/21,Evelyn,Chironomid,0,
8,11/3/21,T0,100,11/8/21,Evelyn,Nauplii,0,
8,11/3/21,T0,100,11/8/21,Evelyn,Kellicottia,0,
8,11/3/21,T0,100,11/8/21,Evelyn,Keratella,1,
8,11/3/21,T0,100,11/8/21,Evelyn,Ceriodaphnia,1,
8,11/3/21,T0,100,11/8/21,Evelyn,Caterpillars,2,
13,11/3/21,T0,100,11/8/21,Evelyn,Calanoid,0,
13,11/3/21,T0,100,11/8/21,Evelyn,Cyclopoid,0,
13,11/3/21,T0,100,11/8/21,Evelyn,Chironomid,0,
13,11/3/21,T0,100,11/8/21,Evelyn,Nauplii,0,
13,11/3/21,T0,100,11/8/21,Evelyn,Kellicottia,0,
13,11/3/21,T0,100,11/8/21,Evelyn,Keratella,0,
13,11/3/21,T0,100,11/8/21,Evelyn,Stringy thing,1,
13,11/3/21,T0,100,11/8/21,Evelyn,Caterpillars,1,
9,11/3/21,T0,100,11/8/21,Evelyn,Calanoid,2,
9,11/3/21,T0,100,11/8/21,Evelyn,Cyclopoid,4,
9,11/3/21,T0,100,11/8/21,Evelyn,Chironomid,0,
9,11/3/21,T0,100,11/8/21,Evelyn,Nauplii,0,
9,11/3/21,T0,100,11/8/21,Evelyn,Kellicottia,1,
9,11/3/21,T0,100,11/8/21,Evelyn,Keratella,0,
9,11/3/21,T0,100,11/8/21,Evelyn,Ceriodaphnia,0,
3,11/3/21,T0,100,11/10/21,Evelyn,Calanoid,0,
3,11/3/21,T0,100,11/10/21,Evelyn,Cyclopoid,3,
3,11/3/21,T0,100,11/10/21,Evelyn,Chironomid,0,
3,11/3/21,T0,100,11/10/21,Evelyn,Nauplii,1,
3,11/3/21,T0,100,11/10/21,Evelyn,Kellicottia,0,
3,11/3/21,T0,100,11/10/21,Evelyn,Keratella,0,
3,11/3/21,T0,100,11/10/21,Evelyn,Caterpillars,8,
3,11/3/21,T0,100,11/10/21,Evelyn,Ceriodaphnia,0,
3,11/3/21,T0,100,11/10/21,Evelyn,Daphnia,0,
3,11/3/21,T0,100,11/10/21,Evelyn,Bursted Daphnia,0,
27,11/3/21,T0,100,11/10/21,Evelyn,Calanoid,0,
27,11/3/21,T0,100,11/10/21,Evelyn,Cyclopoid,0,
27,11/3/21,T0,100,11/10/21,Evelyn,Chironomid,0,
27,11/3/21,T0,100,11/10/21,Evelyn,Nauplii,0,
27,11/3/21,T0,100,11/10/21,Evelyn,Kellicottia,0,
27,11/3/21,T0,100,11/10/21,Evelyn,Keratella,0,
27,11/3/21,T0,100,11/10/21,Evelyn,Caterpillars,0,
27,11/3/21,T0,100,11/10/21,Evelyn,Ceriodaphnia,0,
27,11/3/21,T0,100,11/10/21,Evelyn,Daphnia,1,
27,11/3/21,T0,100,11/10/21,Evelyn,Bursted Daphnia,0,
20,11/3/21,T0,100,11/10/21,Evelyn,Calanoid,0,
20,11/3/21,T0,100,11/10/21,Evelyn,Cyclopoid,0,
20,11/3/21,T0,100,11/10/21,Evelyn,Chironomid,0,
20,11/3/21,T0,100,11/10/21,Evelyn,Nauplii,0,
20,11/3/21,T0,100,11/10/21,Evelyn,Kellicottia,0,
20,11/3/21,T0,100,11/10/21,Evelyn,Keratella,1,
20,11/3/21,T0,100,11/10/21,Evelyn,Caterpillars,0,
20,11/3/21,T0,100,11/10/21,Evelyn,Ceriodaphnia,1,
20,11/3/21,T0,100,11/10/21,Evelyn,Daphnia,0,
20,11/3/21,T0,100,11/10/21,Evelyn,Bursted Daphnia,3,
5,11/3/21,T0,100,11/10/21,Evelyn,Calanoid,0,
5,11/3/21,T0,100,11/10/21,Evelyn,Cyclopoid,0,
5,11/3/21,T0,100,11/10/21,Evelyn,Chironomid,0,
5,11/3/21,T0,100,11/10/21,Evelyn,Nauplii,0,
5,11/3/21,T0,100,11/10/21,Evelyn,Kellicottia,0,
5,11/3/21,T0,100,11/10/21,Evelyn,Keratella,0,
5,11/3/21,T0,100,11/10/21,Evelyn,Caterpillars,2,
5,11/3/21,T0,100,11/10/21,Evelyn,Ceriodaphnia,0,
5,11/3/21,T0,100,11/10/21,Evelyn,Daphnia,0,
5,11/3/21,T0,100,11/10/21,Evelyn,Bursted Daphnia,3,
16,11/3/21,T0,100,11/10/21,Evelyn,Calanoid,0,
16,11/3/21,T0,100,11/10/21,Evelyn,Cyclopoid,6,
16,11/3/21,T0,100,11/10/21,Evelyn,Chironomid,0,
16,11/3/21,T0,100,11/10/21,Evelyn,Nauplii,1,
16,11/3/21,T0,100,11/10/21,Evelyn,Kellicottia,0,
16,11/3/21,T0,100,11/10/21,Evelyn,Keratella,0,
16,11/3/21,T0,100,11/10/21,Evelyn,Caterpillars,1,
16,11/3/21,T0,100,11/10/21,Evelyn,Ceriodaphnia,4,
16,11/3/21,T0,100,11/10/21,Evelyn,Daphnia,0,
16,11/3/21,T0,100,11/10/21,Evelyn,Bursted Daphnia,6,
24,11/3/21,T0,100,11/10/21,Evelyn,Calanoid,0,
24,11/3/21,T0,100,11/10/21,Evelyn,Cyclopoid,1,
24,11/3/21,T0,100,11/10/21,Evelyn,Chironomid,0,
24,11/3/21,T0,100,11/10/21,Evelyn,Nauplii,2,
24,11/3/21,T0,100,11/10/21,Evelyn,Kellicottia,0,
24,11/3/21,T0,100,11/10/21,Evelyn,Keratella,0,
24,11/3/21,T0,100,11/10/21,Evelyn,Caterpillars,0,
24,11/3/21,T0,100,11/10/21,Evelyn,Ceriodaphnia,0,
24,11/3/21,T0,100,11/10/21,Evelyn,Daphnia,0,
24,11/3/21,T0,100,11/10/21,Evelyn,Bursted Daphnia,0,
28,11/3/21,T0,100,11/10/21,Evelyn,Calanoid,0,
28,11/3/21,T0,100,11/10/21,Evelyn,Cyclopoid,3,
28,11/3/21,T0,100,11/10/21,Evelyn,Chironomid,0,
28,11/3/21,T0,100,11/10/21,Evelyn,Nauplii,0,
28,11/3/21,T0,100,11/10/21,Evelyn,Kellicottia,0,
28,11/3/21,T0,100,11/10/21,Evelyn,Keratella,0,
28,11/3/21,T0,100,11/10/21,Evelyn,Caterpillars,0,
28,11/3/21,T0,100,11/10/21,Evelyn,Ceriodaphnia,1,
28,11/3/21,T0,100,11/10/21,Evelyn,Daphnia,0,
28,11/3/21,T0,100,11/10/21,Evelyn,Bursted Daphnia,1,
12,11/3/22,T0,100,11/20/21,Ariana,Calanoid,0,
12,11/3/22,T0,100,11/20/21,Ariana,Cyclopoid,0,
12,11/3/22,T0,100,11/20/21,Ariana,Nauplii,0,
12,11/3/22,T0,100,11/20/21,Ariana,Chironomid,0,
12,11/3/22,T0,100,11/20/21,Ariana,Keratella,0,
12,11/3/22,T0,100,11/20/21,Ariana,Kellicottia,0,
12,11/3/22,T0,100,11/20/21,Ariana,Asplanchna,0,
12,11/3/22,T0,100,11/20/21,Ariana,Bosmina,0,
12,11/3/22,T0,100,11/20/21,Ariana,Ceriodaphnia,0,
12,11/3/22,T0,100,11/20/21,Ariana,Daphnia,0,
2,11/3/22,T0,100,11/20/21,Ariana,Calanoid,0,
2,11/3/22,T0,100,11/20/21,Ariana,Cyclopoid,0,
2,11/3/22,T0,100,11/20/21,Ariana,Nauplii,0,
2,11/3/22,T0,100,11/20/21,Ariana,Chironomid,0,
2,11/3/22,T0,100,11/20/21,Ariana,Keratella,0,
2,11/3/22,T0,100,11/20/21,Ariana,Kellicottia,0,
2,11/3/22,T0,100,11/20/21,Ariana,Asplanchna,0,
2,11/3/22,T0,100,11/20/21,Ariana,Bosmina,0,
2,11/3/22,T0,100,11/20/21,Ariana,Ceriodaphnia,0,
2,11/3/22,T0,100,11/20/21,Ariana,Daphnia,0,
2,11/3/22,T0,100,11/20/21,Ariana,Unknown 1,1,Terrestrial Bug
30,11/3/22,T0,100,11/20/21,Ariana,Calanoid,0,
30,11/3/22,T0,100,11/20/21,Ariana,Cyclopoid,0,
30,11/3/22,T0,100,11/20/21,Ariana,Nauplii,2,
30,11/3/22,T0,100,11/20/21,Ariana,Chironomid,0,
30,11/3/22,T0,100,11/20/21,Ariana,Keratella,4,
30,11/3/22,T0,100,11/20/21,Ariana,Kellicottia,0,
30,11/3/22,T0,100,11/20/21,Ariana,Asplanchna,0,
30,11/3/22,T0,100,11/20/21,Ariana,Bosmina,0,
30,11/3/22,T0,100,11/20/21,Ariana,Ceriodaphnia,0,
30,11/3/22,T0,100,11/20/21,Ariana,Daphnia,0,
1,11/15/21,T1,100,3-Dec-21,Bautista,Calanoid,0,
1,11/15/21,T1,100,3-Dec-21,Bautista,Cyclopoid,0,
1,11/15/21,T1,100,3-Dec-21,Bautista,Chironomid,5,
1,11/15/21,T1,100,3-Dec-21,Bautista,Nauplii,1,
1,11/15/21,T1,100,3-Dec-21,Bautista,Kellicottia,0,
1,11/15/21,T1,100,3-Dec-21,Bautista,Keratella,0,
1,11/15/21,T1,100,23-Feb-22,Bautista,Mosquito,30,
1,11/15/21,T1,100,3-Dec-21,Bautista,Daphnia,0,
2,11/15/22,T1,100,11/28/21,Ariana,Calanoid,0,
2,11/15/22,T1,100,11/28/21,Ariana,Cyclopoid,0,
2,11/15/22,T1,100,11/28/21,Ariana,Nauplii,0,
2,11/15/22,T1,100,11/28/21,Ariana,Chironomid,0,
2,11/15/22,T1,100,11/28/21,Ariana,Keratella,0,
2,11/15/22,T1,100,11/28/21,Ariana,Kellicottia,2,
2,11/15/22,T1,100,11/28/21,Ariana,Asplanchna,0,
2,11/15/22,T1,100,11/28/21,Ariana,Bosmina,1,
2,11/15/22,T1,100,11/28/21,Ariana,Ceriodaphnia,7,
2,11/15/22,T1,100,11/28/21,Ariana,Unknown 2,1,Terrestrial Bug
2,11/15/22,T1,100,11/28/21,Ariana,Unknown 1,2,Terrestrial Bug
2,11/15/22,T1,100,11/28/21,Ariana,Daphnia,1,
3,11/15/21,T1,100,11/24/21,Evelyn,Calanoid,0,
3,11/15/21,T1,100,11/24/21,Evelyn,Cyclopoid,0,
3,11/15/21,T1,100,11/24/21,Evelyn,Chironomid,0,
3,11/15/21,T1,100,11/24/21,Evelyn,Nauplii,0,
3,11/15/21,T1,100,11/24/21,Evelyn,Kellicottia,0,
3,11/15/21,T1,100,11/24/21,Evelyn,Keratella,0,
3,11/15/21,T1,100,11/24/21,Evelyn,Caterpillars,1,
3,11/15/21,T1,100,11/24/21,Evelyn,Ceriodaphnia,0,
3,11/15/21,T1,100,11/24/21,Evelyn,Daphnia,1,
3,11/15/21,T1,100,11/24/21,Evelyn,Mosquito,21,
4,11/15/21,T1,100,11/22/21,Evelyn,Calanoid,1,
4,11/15/21,T1,100,11/22/21,Evelyn,Cyclopoid,16,
4,11/15/21,T1,100,11/22/21,Evelyn,Chironomid,0,
4,11/15/21,T1,100,11/22/21,Evelyn,Nauplii,1,
4,11/15/21,T1,100,11/22/21,Evelyn,Kellicottia,0,
4,11/15/21,T1,100,11/22/21,Evelyn,Keratella,0,
4,11/15/21,T1,100,11/22/21,Evelyn,Caterpillars,7,
4,11/15/21,T1,100,11/22/21,Evelyn,Ceriodaphnia,0,
4,11/15/21,T1,100,11/22/21,Evelyn,Daphnia,0,
4,11/15/21,T1,100,11/22/21,Evelyn,Bursted Daphnia,0,
5,11/15/21,T1,,22-Nov-21,Maddy,Calanoid,0,
5,11/15/21,T1,,22-Nov-21,Maddy,Cyclopoid,0,
5,11/15/21,T1,,22-Nov-21,Maddy,Chironomid,0,
5,11/15/21,T1,,22-Nov-21,Maddy,Nauplii,0,
5,11/15/21,T1,,22-Nov-21,Maddy,Kellicottia,0,
5,11/15/21,T1,,22-Nov-21,Maddy,Keratella,0,
5,11/15/21,T1,,22-Nov-21,Maddy,Daphnia,0,
6,11/15/21,T1,100,11/24/21,Evelyn,Calanoid,0,
6,11/15/21,T1,100,11/24/21,Evelyn,Cyclopoid,8,
6,11/15/21,T1,100,11/24/21,Evelyn,Chironomid,0,
6,11/15/21,T1,100,11/24/21,Evelyn,Nauplii,0,
6,11/15/21,T1,100,11/24/21,Evelyn,Kellicottia,0,
6,11/15/21,T1,100,11/24/21,Evelyn,Keratella,0,
6,11/15/21,T1,100,11/24/21,Evelyn,Bosmina,1,
6,11/15/21,T1,100,11/24/21,Evelyn,Ceriodaphnia,0,
6,11/15/21,T1,100,11/24/21,Evelyn,Daphnia,22,
6,11/15/21,T1,100,11/24/21,Evelyn,Mosquito,0,
8,11/15/21,T1,100,22-Nov-21,Maddy,Calanoid,8,
8,11/15/21,T1,100,22-Nov-21,Maddy,Cyclopoid,24,
8,11/15/21,T1,100,22-Nov-21,Maddy,Chironomid,0,
8,11/15/21,T1,100,22-Nov-21,Maddy,Nauplii,6,
8,11/15/21,T1,100,22-Nov-21,Maddy,Kellicottia,1,
8,11/15/21,T1,100,22-Nov-21,Maddy,Keratella,0,
8,11/15/21,T1,100,22-Nov-21,Maddy,Daphnia,35,
9,11/15/21,T1,100,1-Dec-21,Maddy,Calanoid,1,
9,11/15/21,T1,100,1-Dec-21,Maddy,Cyclopoid,1,
9,11/15/21,T1,100,1-Dec-21,Maddy,Chironomid,0,
9,11/15/21,T1,100,1-Dec-21,Maddy,Nauplii,0,
9,11/15/21,T1,100,1-Dec-21,Maddy,Kellicottia,0,
9,11/15/21,T1,100,1-Dec-21,Maddy,Keratella,0,
9,11/15/21,T1,100,1-Dec-21,Maddy,Daphnia,5,
10,11/15/21,T1,100,1-Dec-21,Maddy,Calanoid,27,
10,11/15/21,T1,100,1-Dec-21,Maddy,Cyclopoid,32,
10,11/15/21,T1,100,1-Dec-21,Maddy,Chironomid,0,
10,11/15/21,T1,100,1-Dec-21,Maddy,Nauplii,3,
10,11/15/21,T1,100,1-Dec-21,Maddy,Kellicottia,0,
10,11/15/21,T1,100,1-Dec-21,Maddy,Keratella,0,
10,11/15/21,T1,100,1-Dec-21,Maddy,Daphnia,51,
12,11/15/21,T1,100,29-Nov-21,Maddy,Calanoid,6,
12,11/15/21,T1,100,29-Nov-21,Maddy,Cyclopoid,12,
12,11/15/21,T1,100,29-Nov-21,Maddy,Chironomid,0,
12,11/15/21,T1,100,29-Nov-21,Maddy,Nauplii,2,
12,11/15/21,T1,100,29-Nov-21,Maddy,Kellicottia,0,
12,11/15/21,T1,100,29-Nov-21,Maddy,Keratella,0,
12,11/15/21,T1,100,29-Nov-21,Maddy,Daphnia,33,
13,11/15/21,T1,100,24-Nov-21,Maddy,Calanoid,0,
13,11/15/21,T1,100,24-Nov-21,Maddy,Cyclopoid,4,
13,11/15/21,T1,100,24-Nov-21,Maddy,Chironomid,0,
13,11/15/21,T1,100,24-Nov-21,Maddy,Nauplii,0,
13,11/15/21,T1,100,24-Nov-21,Maddy,Mosquito,4,No Kellicottia
13,11/15/21,T1,100,24-Nov-21,Maddy,Keratella,0,
13,11/15/21,T1,100,24-Nov-21,Maddy,Daphnia,5,
14,11/15/22,T1,100,11/28/21,Ariana,Calanoid,18,
14,11/15/22,T1,100,11/28/21,Ariana,Cyclopoid,11,
14,11/15/22,T1,100,11/28/21,Ariana,Nauplii,2,
14,11/15/22,T1,100,11/28/21,Ariana,Chironomid,1,
14,11/15/22,T1,100,11/28/21,Ariana,Keratella,0,
14,11/15/22,T1,100,11/28/21,Ariana,Kellicottia,0,
14,11/15/22,T1,100,11/28/21,Ariana,Asplanchna,0,
14,11/15/22,T1,100,11/28/21,Ariana,Bosmina,0,
14,11/15/22,T1,100,11/28/21,Ariana,Ceriodaphnia,0,
14,11/15/22,T1,100,11/28/21,Ariana,Daphnia,20,
14,11/15/21,T1,100,3-Dec-21,Bautista,Calanoid,19,
14,11/15/21,T1,100,3-Dec-21,Bautista,Cyclopoid,7,
14,11/15/21,T1,100,3-Dec-21,Bautista,Chironomid,0,
14,11/15/21,T1,100,3-Dec-21,Bautista,Nauplii,2,
14,11/15/21,T1,100,3-Dec-21,Bautista,Kellicottia,0,
14,11/15/21,T1,100,3-Dec-21,Bautista,Keratella,0,
14,11/15/21,T1,100,3-Dec-21,Bautista,Daphnia,19,
16,11/15/21,T1,100,24-Nov-21,Maddy,Calanoid,3,
16,11/15/21,T1,100,24-Nov-21,Maddy,Cyclopoid,5,
16,11/15/21,T1,100,24-Nov-21,Maddy,Chironomid,0,
16,11/15/21,T1,100,24-Nov-21,Maddy,Nauplii,1,
16,11/15/21,T1,100,24-Nov-21,Maddy,Mosquito,2,No Kellicottia
16,11/15/21,T1,100,24-Nov-21,Maddy,Keratella,0,
16,11/15/21,T1,100,24-Nov-21,Maddy,Daphnia,9,
18,11/15/21,T1,100,1-Dec-21,Maddy,Calanoid,2,
18,11/15/21,T1,100,1-Dec-21,Maddy,Cyclopoid,9,
18,11/15/21,T1,100,1-Dec-21,Maddy,Chironomid,0,
18,11/15/21,T1,100,1-Dec-21,Maddy,Nauplii,1,
18,11/15/21,T1,100,1-Dec-21,Maddy,Kellicottia,0,
18,11/15/21,T1,100,1-Dec-21,Maddy,Keratella,0,
18,11/15/21,T1,100,1-Dec-21,Maddy,Daphnia,24,
19,11/15/21,T1,100,29-Nov-21,Maddy,Calanoid,3,
19,11/15/21,T1,100,29-Nov-21,Maddy,Cyclopoid,14,
19,11/15/21,T1,100,29-Nov-21,Maddy,Chironomid,0,
19,11/15/21,T1,100,29-Nov-21,Maddy,Nauplii,3,
19,11/15/21,T1,100,29-Nov-21,Maddy,Kellicottia,0,
19,11/15/21,T1,100,29-Nov-21,Maddy,Keratella,0,
19,11/15/21,T1,100,29-Nov-21,Maddy,Daphnia,35,
20,11/15/21,T1,100,3-Dec-21,Bautista,Calanoid,0,
20,11/15/21,T1,100,3-Dec-21,Bautista,Cyclopoid,0,
20,11/15/21,T1,100,3-Dec-21,Bautista,Chironomid,4,
20,11/15/21,T1,100,3-Dec-21,Bautista,Nauplii,0,
20,11/15/21,T1,100,3-Dec-21,Bautista,Kellicottia,0,
20,11/15/21,T1,100,3-Dec-21,Bautista,Keratella,0,
20,11/15/21,T1,100,3-Dec-21,Bautista,Daphnia,4,
21,11/15/21,T1,100,24-Nov-21,Maddy,Calanoid,0,
21,11/15/21,T1,100,24-Nov-21,Maddy,Cyclopoid,18,
21,11/15/21,T1,100,24-Nov-21,Maddy,Chironomid,2,
21,11/15/21,T1,100,24-Nov-21,Maddy,Nauplii,1,
21,11/15/21,T1,100,24-Nov-21,Maddy,Kellicottia,0,
21,11/15/21,T1,100,24-Nov-21,Maddy,Keratella,0,
21,11/15/21,T1,100,24-Nov-21,Maddy,Daphnia,8,Mosquito present
22,11/15/22,T1,100,11/28/21,Ariana,Calanoid,4,
22,11/15/22,T1,100,11/28/21,Ariana,Cyclopoid,0,
22,11/15/22,T1,100,11/28/21,Ariana,Nauplii,0,
22,11/15/22,T1,100,11/28/21,Ariana,Chironomid,0,
22,11/15/22,T1,100,11/28/21,Ariana,Keratella,0,
22,11/15/22,T1,100,11/28/21,Ariana,Kellicottia,0,
22,11/15/22,T1,100,11/28/21,Ariana,Asplanchna,0,
22,11/15/22,T1,100,11/28/21,Ariana,Bosmina,0,
22,11/15/22,T1,100,11/28/21,Ariana,Ceriodaphnia,3,
22,11/15/22,T1,100,11/28/21,Ariana,Daphnia,4,
22,11/15/22,T1,100,11/28/21,Ariana,Mosquito,24,
23,11/15/21,T1,100,11/24/21,Evelyn,Calanoid,4,
23,11/15/21,T1,100,11/24/21,Evelyn,Cyclopoid,34,
23,11/15/21,T1,100,11/24/21,Evelyn,Chironomid,0,
23,11/15/21,T1,100,11/24/21,Evelyn,Nauplii,2,
23,11/15/21,T1,100,11/24/21,Evelyn,Kellicottia,0,
23,11/15/21,T1,100,11/24/21,Evelyn,Keratella,0,
23,11/15/21,T1,100,11/24/21,Evelyn,Caterpillars,0,
23,11/15/21,T1,100,11/24/21,Evelyn,Ceriodaphnia,6,
23,11/15/21,T1,100,11/24/21,Evelyn,Daphnia,177,
23,11/15/21,T1,100,11/24/21,Evelyn,Bursted Daphnia,0,
24,11/15/21,T1,100,24-Nov-21,Maddy,Calanoid,3,
24,11/15/21,T1,100,24-Nov-21,Maddy,Cyclopoid,2,
24,11/15/21,T1,100,24-Nov-21,Maddy,Chironomid,0,
24,11/15/21,T1,100,24-Nov-21,Maddy,Nauplii,1,
24,11/15/21,T1,100,24-Nov-21,Maddy,Kellicottia,0,
24,11/15/21,T1,100,24-Nov-21,Maddy,Keratella,0,
24,11/15/21,T1,100,24-Nov-21,Maddy,Daphnia,9,
25,11/15/21,T1,100,11/22/21,Evelyn,Calanoid,1,
25,11/15/21,T1,100,11/22/21,Evelyn,Cyclopoid,26,
25,11/15/21,T1,100,11/22/21,Evelyn,Chironomid,0,
25,11/15/21,T1,100,11/22/21,Evelyn,Nauplii,2,
25,11/15/21,T1,100,11/22/21,Evelyn,Kellicottia,0,
25,11/15/21,T1,100,11/22/21,Evelyn,Keratella,1,
25,11/15/21,T1,100,11/22/21,Evelyn,Caterpillars,0,
25,11/15/21,T1,100,11/22/21,Evelyn,Ceriodaphnia,0,
25,11/15/21,T1,100,11/22/21,Evelyn,Daphnia,59,
25,11/15/21,T1,100,11/22/21,Evelyn,Bursted Daphnia,0,
26,11/15/21,T1,100,11/24/21,Evelyn,Calanoid,3,
26,11/15/21,T1,100,11/24/21,Evelyn,Cyclopoid,8,
26,11/15/21,T1,100,11/24/21,Evelyn,Chironomid,0,
26,11/15/21,T1,100,11/24/21,Evelyn,Nauplii,0,
26,11/15/21,T1,100,11/24/21,Evelyn,Kellicottia,0,
26,11/15/21,T1,100,11/24/21,Evelyn,Keratella,0,
26,11/15/21,T1,100,11/24/21,Evelyn,Caterpillars,0,
26,11/15/21,T1,100,11/24/21,Evelyn,Ceriodaphnia,0,
26,11/15/21,T1,100,11/24/21,Evelyn,Daphnia,4,
26,11/15/21,T1,100,11/24/21,Evelyn,Mosquito,5,
27,11/15/21,T1,100,1-Dec-21,Maddy,Calanoid,1,
27,11/15/21,T1,100,1-Dec-21,Maddy,Cyclopoid,53,
27,11/15/21,T1,100,1-Dec-21,Maddy,Chironomid,1,
27,11/15/21,T1,100,1-Dec-21,Maddy,Nauplii,5,
27,11/15/21,T1,100,1-Dec-21,Maddy,Kellicottia,0,
27,11/15/21,T1,100,1-Dec-21,Maddy,Keratella,0,
27,11/15/21,T1,100,1-Dec-21,Maddy,Daphnia,4,
28,11/15/21,T1,100,22-Nov-21,Maddy,Calanoid,0,
28,11/15/21,T1,100,22-Nov-21,Maddy,Cyclopoid,2,
28,11/15/21,T1,100,22-Nov-21,Maddy,Chironomid,0,
28,11/15/21,T1,100,22-Nov-21,Maddy,Nauplii,0,
28,11/15/21,T1,100,22-Nov-21,Maddy,Kellicottia,0,
28,11/15/21,T1,100,22-Nov-21,Maddy,Keratella,0,
28,11/15/21,T1,100,22-Nov-21,Maddy,Daphnia,3,
29,11/15/21,T1,100,24-Nov-21,Maddy,Calanoid,0,
29,11/15/21,T1,100,24-Nov-21,Maddy,Cyclopoid,7,
29,11/15/21,T1,100,24-Nov-21,Maddy,Chironomid,0,
29,11/15/21,T1,100,24-Nov-21,Maddy,Nauplii,0,
29,11/15/21,T1,100,24-Nov-21,Maddy,Kellicottia,0,
29,11/15/21,T1,100,24-Nov-21,Maddy,Keratella,0,
29,11/15/21,T1,100,24-Nov-21,Maddy,Daphnia,1,
17,11/15/21,T1,100,1/10/22,Evelyn,Calanoid,0,
17,11/15/21,T1,100,1/10/22,Evelyn,Cyclopoid,4,
17,11/15/21,T1,100,1/10/22,Evelyn,Chironomid,0,
17,11/15/21,T1,100,1/10/22,Evelyn,Nauplii,0,
17,11/15/21,T1,100,1/10/22,Evelyn,Kellicottia,0,
17,11/15/21,T1,100,1/10/22,Evelyn,Keratella,0,
17,11/15/21,T1,100,1/10/22,Evelyn,Bosmina,0,
17,11/15/21,T1,100,1/10/22,Evelyn,Ceriodaphnia,0,
17,11/15/21,T1,100,1/10/22,Evelyn,Daphnia,17,
17,11/15/21,T1,100,1/10/22,Evelyn,Mosquito,2,
7,11/15/21,T1,100,1/10/22,Evelyn,Calanoid,0,
7,11/15/21,T1,100,1/10/22,Evelyn,Cyclopoid,2,
7,11/15/21,T1,100,1/10/22,Evelyn,Chironomid,0,
7,11/15/21,T1,100,1/10/22,Evelyn,Nauplii,0,
7,11/15/21,T1,100,1/10/22,Evelyn,Kellicottia,0,
7,11/15/21,T1,100,1/10/22,Evelyn,Keratella,0,
7,11/15/21,T1,100,1/10/22,Evelyn,Slug,1,
7,11/15/21,T1,100,1/10/22,Evelyn,Ceriodaphnia,0,
7,11/15/21,T1,100,1/10/22,Evelyn,Daphnia,0,
7,11/15/21,T1,100,1/10/22,Evelyn,Mosquito,14,
15,11/15/21,T1,100,1/10/22,Evelyn,Calanoid,8,
15,11/15/21,T1,100,1/10/22,Evelyn,Cyclopoid,0,
15,11/15/21,T1,100,1/10/22,Evelyn,Chironomid,0,
15,11/15/21,T1,100,1/10/22,Evelyn,Nauplii,0,
15,11/15/21,T1,100,1/10/22,Evelyn,Kellicottia,0,
15,11/15/21,T1,100,1/10/22,Evelyn,Keratella,0,
15,11/15/21,T1,100,1/10/22,Evelyn,Bosmina,0,
15,11/15/21,T1,100,1/10/22,Evelyn,Ceriodaphnia,0,
15,11/15/21,T1,100,1/10/22,Evelyn,Daphnia,18,
15,11/15/21,T1,100,1/10/22,Evelyn,Mosquito,1,
30,11/15/21,T1,100,1/10/22,Evelyn,Calanoid,1,
30,11/15/21,T1,100,1/10/22,Evelyn,Cyclopoid,2,
30,11/15/21,T1,100,1/10/22,Evelyn,Chironomid,0,
30,11/15/21,T1,100,1/10/22,Evelyn,Nauplii,0,
30,11/15/21,T1,100,1/10/22,Evelyn,Kellicottia,0,
30,11/15/21,T1,100,1/10/22,Evelyn,Keratella,0,
30,11/15/21,T1,100,1/10/22,Evelyn,Bosmina,0,
30,11/15/21,T1,100,1/10/22,Evelyn,Ceriodaphnia,0,
30,11/15/21,T1,100,1/10/22,Evelyn,Daphnia,0,
30,11/15/21,T1,100,1/10/22,Evelyn,Mosquito,6,
11,11/15/21,T1,100,1/10/22,Evelyn,Calanoid,0,
11,11/15/21,T1,100,1/10/22,Evelyn,Cyclopoid,0,
11,11/15/21,T1,100,1/10/22,Evelyn,Chironomid,0,
11,11/15/21,T1,100,1/10/22,Evelyn,Nauplii,0,
11,11/15/21,T1,100,1/10/22,Evelyn,Kellicottia,0,
11,11/15/21,T1,100,1/10/22,Evelyn,Keratella,0,
11,11/15/21,T1,100,1/10/22,Evelyn,Bosmina,0,
11,11/15/21,T1,100,1/10/22,Evelyn,Ceriodaphnia,0,
11,11/15/21,T1,100,1/10/22,Evelyn,Daphnia,5,
11,11/15/21,T1,100,1/10/22,Evelyn,Mosquito,3,
2,12/6/21,T2,100,1/11/22,Evelyn,Calanoid,2,
2,12/6/21,T2,100,1/11/22,Evelyn,Cyclopoid,1,
2,12/6/21,T2,100,1/11/22,Evelyn,Chironomid,0,
2,12/6/21,T2,100,1/11/22,Evelyn,Nauplii,0,
2,12/6/21,T2,100,1/11/22,Evelyn,Kellicottia,0,
2,12/6/21,T2,100,1/11/22,Evelyn,Keratella,0,
2,12/6/21,T2,100,1/11/22,Evelyn,Bosmina,0,
2,12/6/21,T2,100,1/11/22,Evelyn,Ceriodaphnia,1,
2,12/6/21,T2,100,1/11/22,Evelyn,Daphnia,17,
2,12/6/21,T2,100,1/11/22,Evelyn,Mosquito,2,
3,12/6/21,T2,100,1/11/22,Evelyn,Calanoid,0,
3,12/6/21,T2,100,1/11/22,Evelyn,Cyclopoid,1,
3,12/6/21,T2,100,1/11/22,Evelyn,Chironomid,0,
3,12/6/21,T2,100,1/11/22,Evelyn,Nauplii,0,
3,12/6/21,T2,100,1/11/22,Evelyn,Kellicottia,0,
3,12/6/21,T2,100,1/11/22,Evelyn,Keratella,0,
3,12/6/21,T2,100,1/11/22,Evelyn,Bosmina,0,
3,12/6/21,T2,100,1/11/22,Evelyn,Ceriodaphnia,0,
3,12/6/21,T2,100,1/11/22,Evelyn,Daphnia,1,
3,12/6/21,T2,100,1/11/22,Evelyn,Mosquito,46,
4,12/6/21,T2,100,1/11/22,Evelyn,Calanoid,5,
4,12/6/21,T2,100,1/11/22,Evelyn,Cyclopoid,0,
4,12/6/21,T2,100,1/11/22,Evelyn,Chironomid,0,
4,12/6/21,T2,100,1/11/22,Evelyn,Nauplii,0,
4,12/6/21,T2,100,1/11/22,Evelyn,Kellicottia,0,
4,12/6/21,T2,100,1/11/22,Evelyn,Keratella,0,
4,12/6/21,T2,100,1/11/22,Evelyn,Bosmina,0,
4,12/6/21,T2,100,1/11/22,Evelyn,Ceriodaphnia,0,
4,12/6/21,T2,100,1/11/22,Evelyn,Daphnia,64,
4,12/6/21,T2,100,1/11/22,Evelyn,Mosquito,7,
6,12/6/21,T2,100,1/11/22,Evelyn,Calanoid,0,
6,12/6/21,T2,100,1/11/22,Evelyn,Cyclopoid,0,
6,12/6/21,T2,100,1/11/22,Evelyn,Chironomid,1,
6,12/6/21,T2,100,1/11/22,Evelyn,Nauplii,2,
6,12/6/21,T2,100,1/11/22,Evelyn,P bugs,4,
6,12/6/21,T2,100,1/11/22,Evelyn,Keratella,0,
6,12/6/21,T2,100,1/11/22,Evelyn,Bosmina,1,
6,12/6/21,T2,100,1/11/22,Evelyn,Ceriodaphnia,2,
6,12/6/21,T2,100,1/11/22,Evelyn,Daphnia,36,
6,12/6/21,T2,100,1/11/22,Evelyn,Mosquito,1,
1,12/6/21,T2,100,1/11/22,Evelyn,Calanoid,0,
1,12/6/21,T2,100,1/11/22,Evelyn,Cyclopoid,2,
1,12/6/21,T2,100,1/11/22,Evelyn,Chironomid,0,
1,12/6/21,T2,100,1/11/22,Evelyn,Nauplii,0,
1,12/6/21,T2,100,1/11/22,Evelyn,Kellicottia,0,
1,12/6/21,T2,100,1/11/22,Evelyn,Keratella,0,
1,12/6/21,T2,100,1/11/22,Evelyn,Bosmina,0,
1,12/6/21,T2,100,1/11/22,Evelyn,Ceriodaphnia,0,
1,12/6/21,T2,100,1/11/22,Evelyn,Daphnia,0,
1,12/6/21,T2,100,1/11/22,Evelyn,Mosquito,119,
29,12/6/21,T2,100,1/13/22,Evelyn,Calanoid,0,
29,12/6/21,T2,100,1/13/22,Evelyn,Cyclopoid,0,
29,12/6/21,T2,100,1/13/22,Evelyn,Chironomid,0,
29,12/6/21,T2,100,1/13/22,Evelyn,Nauplii,0,
29,12/6/21,T2,100,1/13/22,Evelyn,Kellicottia,0,
29,12/6/21,T2,100,1/13/22,Evelyn,Keratella,0,
29,12/6/21,T2,100,1/13/22,Evelyn,Bosmina,0,
29,12/6/21,T2,100,1/13/22,Evelyn,Ceriodaphnia,0,
29,12/6/21,T2,100,1/13/22,Evelyn,Daphnia,6,
29,12/6/21,T2,100,1/13/22,Evelyn,Mosquito,0,
5,12/6/21,T2,100,1/13/22,Evelyn,Calanoid,5,
5,12/6/21,T2,100,1/13/22,Evelyn,Cyclopoid,0,
5,12/6/21,T2,100,1/13/22,Evelyn,Chironomid,0,
5,12/6/21,T2,100,1/13/22,Evelyn,Nauplii,0,
5,12/6/21,T2,100,1/13/22,Evelyn,P bugs,1,
5,12/6/21,T2,100,1/13/22,Evelyn,Keratella,0,
5,12/6/21,T2,100,1/13/22,Evelyn,Bosmina,0,
5,12/6/21,T2,100,1/13/22,Evelyn,Ceriodaphnia,0,
5,12/6/21,T2,100,1/13/22,Evelyn,Daphnia,6,
5,12/6/21,T2,100,1/13/22,Evelyn,Mosquito,20,
7,12/6/21,T2,100,1/18/22,Evelyn,Calanoid,1,
7,12/6/21,T2,100,1/18/22,Evelyn,Cyclopoid,0,
7,12/6/21,T2,100,1/18/22,Evelyn,Chironomid,0,
7,12/6/21,T2,100,1/18/22,Evelyn,Nauplii,0,
7,12/6/21,T2,100,1/18/22,Evelyn,Ephipium,1,
7,12/6/21,T2,100,1/18/22,Evelyn,Keratella,0,
7,12/6/21,T2,100,1/18/22,Evelyn,Bosmina,0,
7,12/6/21,T2,100,1/18/22,Evelyn,Ceriodaphnia,4,
7,12/6/21,T2,100,1/18/22,Evelyn,Daphnia,74,
7,12/6/21,T2,100,1/18/22,Evelyn,Mosquito,75,
8,12/6/21,T2,100,1/18/22,Evelyn,Calanoid,6,
8,12/6/21,T2,100,1/18/22,Evelyn,Cyclopoid,2,
8,12/6/21,T2,100,1/18/22,Evelyn,Chironomid,2,
8,12/6/21,T2,100,1/18/22,Evelyn,Nauplii,1,
8,12/6/21,T2,100,1/18/22,Evelyn,Ephipium,0,
8,12/6/21,T2,100,1/18/22,Evelyn,Keratella,0,
8,12/6/21,T2,100,1/18/22,Evelyn,Bosmina,0,
8,12/6/21,T2,100,1/18/22,Evelyn,Ceriodaphnia,4,
8,12/6/21,T2,100,1/18/22,Evelyn,Daphnia,49,
8,12/6/21,T2,100,1/18/22,Evelyn,Mosquito,1,
9,12/6/21,T2,100,1/18/22,Evelyn,Calanoid,1,
9,12/6/21,T2,100,1/18/22,Evelyn,Cyclopoid,0,
9,12/6/21,T2,100,1/18/22,Evelyn,Chironomid,2,
9,12/6/21,T2,100,1/18/22,Evelyn,Nauplii,0,
9,12/6/21,T2,100,1/18/22,Evelyn,Ephipium,0,
9,12/6/21,T2,100,1/18/22,Evelyn,Keratella,0,
9,12/6/21,T2,100,1/18/22,Evelyn,Bosmina,0,
9,12/6/21,T2,100,1/18/22,Evelyn,Ceriodaphnia,1,
9,12/6/21,T2,100,1/18/22,Evelyn,Daphnia,1,
9,12/6/21,T2,100,1/18/22,Evelyn,Mosquito,28,
10,12/6/21,T2,100,1/18/22,Evelyn,Calanoid,7,
10,12/6/21,T2,100,1/18/22,Evelyn,Cyclopoid,1,
10,12/6/21,T2,100,1/18/22,Evelyn,Chironomid,4,
10,12/6/21,T2,100,1/18/22,Evelyn,Nauplii,1,
10,12/6/21,T2,100,1/18/22,Evelyn,Ephipium,4,
10,12/6/21,T2,100,1/18/22,Evelyn,Keratella,0,
10,12/6/21,T2,100,1/18/22,Evelyn,Bosmina,0,
10,12/6/21,T2,100,1/18/22,Evelyn,Ceriodaphnia,0,
10,12/6/21,T2,100,1/18/22,Evelyn,Daphnia,54,
10,12/6/21,T2,100,1/18/22,Evelyn,Mosquito,4,
11,12/6/21,T2,100,1/24/22,Evelyn,Calanoid,0,
11,12/6/21,T2,100,1/24/22,Evelyn,Cyclopoid,1,
11,12/6/21,T2,100,1/24/22,Evelyn,Chironomid,0,
11,12/6/21,T2,100,1/24/22,Evelyn,Nauplii,0,
11,12/6/21,T2,100,1/24/22,Evelyn,Kellicottia,0,
11,12/6/21,T2,100,1/24/22,Evelyn,Keratella,0,
11,12/6/21,T2,100,1/24/22,Evelyn,Bosmina,0,
11,12/6/21,T2,100,1/24/22,Evelyn,Ceriodaphnia,1,
11,12/6/21,T2,100,1/24/22,Evelyn,Daphnia,19,
11,12/6/21,T2,100,1/24/22,Evelyn,Mosquito,14,
26,12/6/21,T2,100,1/24/22,Evelyn,Calanoid,0,
26,12/6/21,T2,100,1/24/22,Evelyn,Cyclopoid,1,
26,12/6/21,T2,100,1/24/22,Evelyn,Chironomid,1,
26,12/6/21,T2,100,1/24/22,Evelyn,Nauplii,1,
26,12/6/21,T2,100,1/24/22,Evelyn,Ephipium,2,
26,12/6/21,T2,100,1/24/22,Evelyn,Keratella,0,
26,12/6/21,T2,100,1/24/22,Evelyn,Bosmina,0,
26,12/6/21,T2,100,1/24/22,Evelyn,Ceriodaphnia,0,
26,12/6/21,T2,100,1/24/22,Evelyn,Daphnia,79,
26,12/6/21,T2,100,1/24/22,Evelyn,Mosquito,31,
24,12/6/21,T2,100,1/24/22,Evelyn,Calanoid,1,
24,12/6/21,T2,100,1/24/22,Evelyn,Cyclopoid,3,
24,12/6/21,T2,100,1/24/22,Evelyn,Chironomid,2,
24,12/6/21,T2,100,1/24/22,Evelyn,Nauplii,1,
24,12/6/21,T2,100,1/24/22,Evelyn,Ephipium,1,
24,12/6/21,T2,100,1/24/22,Evelyn,Slug,1,
24,12/6/21,T2,100,1/24/22,Evelyn,Bosmina,0,
24,12/6/21,T2,100,1/24/22,Evelyn,Ceriodaphnia,0,
24,12/6/21,T2,100,1/24/22,Evelyn,Daphnia,151,
24,12/6/21,T2,100,1/24/22,Evelyn,Mosquito,32,
14,12/6/21,T2,100,1/24/22,Evelyn,Calanoid,6,
14,12/6/21,T2,100,1/24/22,Evelyn,Cyclopoid,6,
14,12/6/21,T2,100,1/24/22,Evelyn,Chironomid,2,
14,12/6/21,T2,100,1/24/22,Evelyn,Nauplii,4,
14,12/6/21,T2,100,1/24/22,Evelyn,Ephipium,5,
14,12/6/21,T2,100,1/24/22,Evelyn,Keratella,0,
14,12/6/21,T2,100,1/24/22,Evelyn,Bosmina,0,
14,12/6/21,T2,100,1/24/22,Evelyn,Ceriodaphnia,0,
14,12/6/21,T2,100,1/24/22,Evelyn,Daphnia,78,
14,12/6/21,T2,100,1/24/22,Evelyn,Mosquito,2,
19,12/6/21,T2,100,1/24/22,Evelyn,Calanoid,1,
19,12/6/21,T2,100,1/24/22,Evelyn,Cyclopoid,3,
19,12/6/21,T2,100,1/24/22,Evelyn,Chironomid,1,
19,12/6/21,T2,100,1/24/22,Evelyn,Nauplii,27,
19,12/6/21,T2,100,1/24/22,Evelyn,Ephipium,9,
19,12/6/21,T2,100,1/24/22,Evelyn,Keratella,0,
19,12/6/21,T2,100,1/24/22,Evelyn,Bosmina,0,
19,12/6/21,T2,100,1/24/22,Evelyn,Ceriodaphnia,0,
19,12/6/21,T2,100,1/24/22,Evelyn,Daphnia,102,
19,12/6/21,T2,100,1/24/22,Evelyn,Mosquito,1,
15,12/6/21,T2,100,1/24/22,Evelyn,Calanoid,9,
15,12/6/21,T2,100,1/24/22,Evelyn,Cyclopoid,8,
15,12/6/21,T2,100,1/24/22,Evelyn,Chironomid,1,
15,12/6/21,T2,100,1/24/22,Evelyn,Nauplii,0,
15,12/6/21,T2,100,1/24/22,Evelyn,Ephipium,4,
15,12/6/21,T2,100,1/24/22,Evelyn,Keratella,0,
15,12/6/21,T2,100,1/24/22,Evelyn,Bosmina,0,
15,12/6/21,T2,100,1/24/22,Evelyn,Ceriodaphnia,1,
15,12/6/21,T2,100,1/24/22,Evelyn,Daphnia,305,
15,12/6/21,T2,100,1/24/22,Evelyn,Mosquito,3,
25,12/6/21,T2,,1/14/22,Maddy,Calanoid,0,
25,12/6/21,T2,,1/14/22,Maddy,Cyclopoid,0,
25,12/6/21,T2,,1/14/22,Maddy,Chironomid,0,
25,12/6/21,T2,,1/14/22,Maddy,Nauplii,15,
25,12/6/21,T2,,1/14/22,Maddy,Kellicottia,0,
25,12/6/21,T2,,1/14/22,Maddy,Keratella,0,
25,12/6/21,T2,,1/14/22,Maddy,Daphnia,132,
25,12/6/21,T2,,1/14/22,Maddy,Mosquito,2,
30,12/6/21,T2,,1/14/22,Maddy,Calanoid,1,
30,12/6/21,T2,,1/14/22,Maddy,Cyclopoid,1,
30,12/6/21,T2,,1/14/22,Maddy,Chironomid,2,
30,12/6/21,T2,,1/14/22,Maddy,Nauplii,1,
30,12/6/21,T2,,1/14/22,Maddy,Kellicottia,0,
30,12/6/21,T2,,1/14/22,Maddy,Keratella,0,
30,12/6/21,T2,,1/14/22,Maddy,Daphnia,1,
30,12/6/21,T2,,1/14/22,Maddy,Mosquito,11,
22,12/6/21,T2,,1/20/22,Maddy,Calanoid,1,
22,12/6/21,T2,,1/20/22,Maddy,Cyclopoid,3,
22,12/6/21,T2,,1/20/22,Maddy,Chironomid,0,
22,12/6/21,T2,,1/20/22,Maddy,Nauplii,0,
22,12/6/21,T2,,1/20/22,Maddy,Kellicottia,0,
22,12/6/21,T2,,1/20/22,Maddy,Keratella,0,
22,12/6/21,T2,,1/20/22,Maddy,Daphnia,118,
22,12/6/21,T2,,1/20/22,Maddy,Mosquito,20,
21,12/6/21,T2,,1/20/22,Maddy,Calanoid,1,
21,12/6/21,T2,,1/20/22,Maddy,Cyclopoid,3,
21,12/6/21,T2,,1/20/22,Maddy,Chironomid,0,
21,12/6/21,T2,,1/20/22,Maddy,Nauplii,75,
21,12/6/21,T2,,1/20/22,Maddy,Kellicottia,0,
21,12/6/21,T2,,1/20/22,Maddy,Keratella,0,
21,12/6/21,T2,,1/20/22,Maddy,Daphnia,113,
21,12/6/21,T2,,1/20/22,Maddy,Mosquito,4,
16,12/6/21,T2,,1/20/22,Maddy,Calanoid,6,
16,12/6/21,T2,,1/20/22,Maddy,Cyclopoid,4,
16,12/6/21,T2,,1/20/22,Maddy,Chironomid,0,
16,12/6/21,T2,,1/20/22,Maddy,Nauplii,22,
16,12/6/21,T2,,1/20/22,Maddy,Kellicottia,0,
16,12/6/21,T2,,1/20/22,Maddy,Keratella,0,
16,12/6/21,T2,,1/20/22,Maddy,Daphnia,172,
16,12/6/21,T2,,1/20/22,Maddy,Mosquito,0,
23,12/6/21,T2,,1/20/22,Maddy,Calanoid,0,
23,12/6/21,T2,,1/20/22,Maddy,Cyclopoid,1,
23,12/6/21,T2,,1/20/22,Maddy,Chironomid,0,
23,12/6/21,T2,,1/20/22,Maddy,Nauplii,15,
23,12/6/21,T2,,1/20/22,Maddy,Kellicottia,0,
23,12/6/21,T2,,1/20/22,Maddy,Keratella,0,
23,12/6/21,T2,,1/20/22,Maddy,Daphnia,106,
23,12/6/21,T2,,1/20/22,Maddy,Mosquito,2,
20,12/6/21,T2,,1/20/22,Maddy,Calanoid,1,
20,12/6/21,T2,,1/20/22,Maddy,Cyclopoid,0,
20,12/6/21,T2,,1/20/22,Maddy,Chironomid,0,
20,12/6/21,T2,,1/20/22,Maddy,Nauplii,12,
20,12/6/21,T2,,1/20/22,Maddy,Kellicottia,0,
20,12/6/21,T2,,1/20/22,Maddy,Keratella,0,
20,12/6/21,T2,,1/20/22,Maddy,Daphnia,15,
20,12/6/21,T2,,1/20/22,Maddy,Mosquito,12,
17,12/6/21,T2,,1/20/22,Maddy,Calanoid,6,
17,12/6/21,T2,,1/20/22,Maddy,Cyclopoid,6,
17,12/6/21,T2,,1/20/22,Maddy,Chironomid,0,
17,12/6/21,T2,,1/20/22,Maddy,Nauplii,44,
17,12/6/21,T2,,1/20/22,Maddy,Kellicottia,0,
17,12/6/21,T2,,1/20/22,Maddy,Keratella,0,
17,12/6/21,T2,,1/20/22,Maddy,Daphnia,185,
17,12/6/21,T2,,1/20/22,Maddy,Mosquito,17,
28,12/6/21,T2,,1/24/22,Maddy,Calanoid,0,
28,12/6/21,T2,,1/24/22,Maddy,Cyclopoid,0,
28,12/6/21,T2,,1/24/22,Maddy,Chironomid,0,
28,12/6/21,T2,,1/24/22,Maddy,Nauplii,0,
28,12/6/21,T2,,1/24/22,Maddy,Kellicottia,0,
28,12/6/21,T2,,1/24/22,Maddy,Keratella,0,
28,12/6/21,T2,,1/24/22,Maddy,Daphnia,3,
28,12/6/21,T2,,1/24/22,Maddy,Mosquito,80,
13,12/6/21,T2,,1/24/22,Maddy,Calanoid,0,
13,12/6/21,T2,,1/24/22,Maddy,Cyclopoid,4,
13,12/6/21,T2,,1/24/22,Maddy,Chironomid,0,
13,12/6/21,T2,,1/24/22,Maddy,Nauplii,12,
13,12/6/21,T2,,1/24/22,Maddy,Kellicottia,0,
13,12/6/21,T2,,1/24/22,Maddy,Keratella,0,
13,12/6/21,T2,,1/24/22,Maddy,Daphnia,42,
13,12/6/21,T2,,1/24/22,Maddy,Mosquito,13,
13,12/6/21,T2,,1/24/22,Maddy,Mayfly,2,
12,12/6/22,T2,100,1/21/22,Ariana,Calanoid,1,
12,12/6/22,T2,100,1/21/22,Ariana,Cyclopoid,7,
12,12/6/22,T2,100,1/21/22,Ariana,Nauplii,0,
12,12/6/22,T2,100,1/21/22,Ariana,Chironomid,0,
12,12/6/22,T2,100,1/21/22,Ariana,Keratella,0,
12,12/6/22,T2,100,1/21/22,Ariana,Kellicottia,0,
12,12/6/22,T2,100,1/21/22,Ariana,Asplanchna,0,
12,12/6/22,T2,100,1/21/22,Ariana,Bosmina,0,
12,12/6/22,T2,100,1/21/22,Ariana,Ceriodaphnia,0,
12,12/6/22,T2,100,1/21/22,Ariana,Daphnia,62,
12,12/6/22,T2,100,1/21/22,Ariana,Mosquito,2,
12,12/6/22,T2,100,1/21/22,Ariana,Ephipium,5,
12,12/6/22,T2,100,1/21/22,Ariana,Unknown 1,1,Terrestrial Bug
12,12/6/22,T2,100,1/21/22,Ariana,Mayfly,3,
27,12/6/22,T2,100,1/21/22,Ariana,Calanoid,2,
27,12/6/22,T2,100,1/21/22,Ariana,Cyclopoid,0,
27,12/6/22,T2,100,1/21/22,Ariana,Nauplii,0,
27,12/6/22,T2,100,1/21/22,Ariana,Chironomid,0,
27,12/6/22,T2,100,1/21/22,Ariana,Keratella,0,
27,12/6/22,T2,100,1/21/22,Ariana,Kellicottia,0,
27,12/6/22,T2,100,1/21/22,Ariana,Asplanchna,0,
27,12/6/22,T2,100,1/21/22,Ariana,Bosmina,0,
27,12/6/22,T2,100,1/21/22,Ariana,Ceriodaphnia,0,
27,12/6/22,T2,100,1/21/22,Ariana,Daphnia,39,
27,12/6/22,T2,100,1/21/22,Ariana,Mosquito,0,
27,12/6/22,T2,100,1/21/22,Ariana,Ephipium,1,
18,12/6/22,T2,100,1/21/22,Ariana,Calanoid,4,
18,12/6/22,T2,100,1/21/22,Ariana,Cyclopoid,6,
18,12/6/22,T2,100,1/21/22,Ariana,Nauplii,1,
18,12/6/22,T2,100,1/21/22,Ariana,Chironomid,1,
18,12/6/22,T2,100,1/21/22,Ariana,Keratella,0,
18,12/6/22,T2,100,1/21/22,Ariana,Kellicottia,0,
18,12/6/22,T2,100,1/21/22,Ariana,Asplanchna,0,
18,12/6/22,T2,100,1/21/22,Ariana,Bosmina,0,
18,12/6/22,T2,100,1/21/22,Ariana,Ceriodaphnia,0,
18,12/6/22,T2,100,1/21/22,Ariana,Daphnia,100,
18,12/6/22,T2,100,1/21/22,Ariana,Mosquito,6,
18,12/6/22,T2,100,1/21/22,Ariana,Ephipium,3,
1,1/3/22,T3,100,2/9/22,Bautista Tobias,Calanoid,0,
1,1/3/22,T3,100,2/9/22,Bautista Tobias,Cyclopoid,0,
1,1/3/22,T3,100,2/9/22,Bautista Tobias,Chironomid,0,
1,1/3/22,T3,100,2/9/22,Bautista Tobias,Nauplii,0,
1,1/3/22,T3,100,2/9/22,Bautista Tobias,Kellicottia,0,
1,1/3/22,T3,100,2/9/22,Bautista Tobias,Keratella,0,
1,1/3/22,T3,100,2/9/22,Bautista Tobias,Daphnia,0,
1,1/3/22,T3,100,2/9/22,Bautista Tobias,Mosquito,79,
1,1/3/22,T3,100,2/9/22,Bautista Tobias,Mayfly,1,
2,1/3/22,T3,100,2/9/22,Bautista Tobias,Calanoid,1,
2,1/3/22,T3,100,2/9/22,Bautista Tobias,Cyclopoid,1,
2,1/3/22,T3,100,2/9/22,Bautista Tobias,Chironomid,0,
2,1/3/22,T3,100,2/9/22,Bautista Tobias,Nauplii,14,
2,1/3/22,T3,100,2/9/22,Bautista Tobias,Kellicottia,0,
2,1/3/22,T3,100,2/9/22,Bautista Tobias,Keratella,0,
2,1/3/22,T3,100,2/9/22,Bautista Tobias,Daphnia,35,
2,1/3/22,T3,100,2/9/22,Bautista Tobias,Mosquito,0,
2,1/3/22,T3,100,2/9/22,Bautista Tobias,Mayfly,0,
3,1/3/22,T3,100,2/9/22,Bautista Tobias,Calanoid,0,
3,1/3/22,T3,100,2/9/22,Bautista Tobias,Cyclopoid,0,
3,1/3/22,T3,100,2/9/22,Bautista Tobias,Chironomid,1,
3,1/3/22,T3,100,2/9/22,Bautista Tobias,Nauplii,1,
3,1/3/22,T3,100,2/9/22,Bautista Tobias,Kellicottia,0,
3,1/3/22,T3,100,2/9/22,Bautista Tobias,Keratella,0,
3,1/3/22,T3,100,2/9/22,Bautista Tobias,Daphnia,1,
3,1/3/22,T3,100,2/9/22,Bautista Tobias,Mosquito,18,
3,1/3/22,T3,100,2/9/22,Bautista Tobias,Mayfly,0,
4,1/3/22,T3,100,2/9/22,Bautista Tobias,Calanoid,0,
4,1/3/22,T3,100,2/9/22,Bautista Tobias,Cyclopoid,0,
4,1/3/22,T3,100,2/9/22,Bautista Tobias,Chironomid,0,
4,1/3/22,T3,100,2/9/22,Bautista Tobias,Nauplii,7,
4,1/3/22,T3,100,2/9/22,Bautista Tobias,Kellicottia,0,
4,1/3/22,T3,100,2/9/22,Bautista Tobias,Keratella,0,
4,1/3/22,T3,100,2/9/22,Bautista Tobias,Daphnia,2,
4,1/3/22,T3,100,2/9/22,Bautista Tobias,Mosquito,2,
4,1/3/22,T3,100,2/9/22,Bautista Tobias,Mayfly,0,
5,1/3/22,T3,100,2/9/22,Bautista Tobias,Calanoid,0,
5,1/3/22,T3,100,2/9/22,Bautista Tobias,Cyclopoid,2,
5,1/3/22,T3,100,2/9/22,Bautista Tobias,Chironomid,0,
5,1/3/22,T3,100,2/9/22,Bautista Tobias,Nauplii,2,
5,1/3/22,T3,100,2/9/22,Bautista Tobias,Kellicottia,0,
5,1/3/22,T3,100,2/9/22,Bautista Tobias,Keratella,0,
5,1/3/22,T3,100,2/9/22,Bautista Tobias,Daphnia,0,
5,1/3/22,T3,100,2/9/22,Bautista Tobias,Mosquito,6,
5,1/3/22,T3,100,2/9/22,Bautista Tobias,Mayfly,0,
6,1/3/22,T3,100,2/10/22,Luke Willett,Calanoid,1,
6,1/3/22,T3,100,2/10/22,Luke Willett,Cyclopoid,0,
6,1/3/22,T3,100,2/10/22,Luke Willett,Chironomid,0,
6,1/3/22,T3,100,2/10/22,Luke Willett,Nauplii,19,
6,1/3/22,T3,100,2/10/22,Luke Willett,Kellicottia,0,
6,1/3/22,T3,100,2/10/22,Luke Willett,Keratella,0,
6,1/3/22,T3,100,2/10/22,Luke Willett,Daphnia,30,
6,1/3/22,T3,100,2/10/22,Luke Willett,Mosquito,3,
6,1/3/22,T3,100,2/10/22,Luke Willett,Mayfly,0,
7,1/3/22,T3,100,2/10/22,Luke Willett,Calanoid,0,
7,1/3/22,T3,100,2/10/22,Luke Willett,Cyclopoid,1,
7,1/3/22,T3,100,2/10/22,Luke Willett,Chironomid,0,
7,1/3/22,T3,100,2/10/22,Luke Willett,Nauplii,10,
7,1/3/22,T3,100,2/10/22,Luke Willett,Kellicottia,0,
7,1/3/22,T3,100,2/10/22,Luke Willett,Keratella,0,
7,1/3/22,T3,100,2/10/22,Luke Willett,Daphnia,13,
7,1/3/22,T3,100,2/10/22,Luke Willett,Mosquito,11,
7,1/3/22,T3,100,2/10/22,Luke Willett,Mayfly,0,
8,1/3/22,T3,100,2/10/22,Luke Willett,Calanoid,3,
8,1/3/22,T3,100,2/10/22,Luke Willett,Cyclopoid,0,
8,1/3/22,T3,100,2/10/22,Luke Willett,Chironomid,0,
8,1/3/22,T3,100,2/10/22,Luke Willett,Nauplii,5,
8,1/3/22,T3,100,2/10/22,Luke Willett,Kellicottia,0,
8,1/3/22,T3,100,2/10/22,Luke Willett,Keratella,0,
8,1/3/22,T3,100,2/10/22,Luke Willett,Daphnia,11,
8,1/3/22,T3,100,2/10/22,Luke Willett,Mosquito,1,
8,1/3/22,T3,100,2/10/22,Luke Willett,Mayfly,0,
9,1/3/22,T3,100,2/15/22,Luke Willett,Calanoid,0,
9,1/3/22,T3,100,2/15/22,Luke Willett,Cyclopoid,0,
9,1/3/22,T3,100,2/15/22,Luke Willett,Chironomid,0,
9,1/3/22,T3,100,2/15/22,Luke Willett,Nauplii,0,
9,1/3/22,T3,100,2/15/22,Luke Willett,Kellicottia,0,
9,1/3/22,T3,100,2/15/22,Luke Willett,Keratella,0,
9,1/3/22,T3,100,2/15/22,Luke Willett,Daphnia,0,
9,1/3/22,T3,100,2/15/22,Luke Willett,Mosquito,4,
9,1/3/22,T3,100,2/15/22,Luke Willett,Mayfly,0,
10,1/3/22,T3,100,2/14/22,Evelyn,Calanoid,3,
10,1/3/22,T3,100,2/14/22,Evelyn,Cyclopoid,0,
10,1/3/22,T3,100,2/14/22,Evelyn,Chironomid,0,
10,1/3/22,T3,100,2/14/22,Evelyn,Nauplii,35,
10,1/3/22,T3,100,2/14/22,Evelyn,Ephipium,6,
10,1/3/22,T3,100,2/14/22,Evelyn,Keratella,0,
10,1/3/22,T3,100,2/14/22,Evelyn,Bosmina,0,
10,1/3/22,T3,100,2/14/22,Evelyn,Ceriodaphnia,0,
10,1/3/22,T3,100,2/14/22,Evelyn,Daphnia,21,
10,1/3/22,T3,100,2/14/22,Evelyn,Mosquito,0,
11,1/3/22,T3,100,2/14/22,Evelyn,Calanoid,0,
11,1/3/22,T3,100,2/14/22,Evelyn,Cyclopoid,1,
11,1/3/22,T3,100,2/14/22,Evelyn,Chironomid,0,
11,1/3/22,T3,100,2/14/22,Evelyn,Nauplii,5,
11,1/3/22,T3,100,2/14/22,Evelyn,Ephipium,1,
11,1/3/22,T3,100,2/14/22,Evelyn,Keratella,0,
11,1/3/22,T3,100,2/14/22,Evelyn,Bosmina,0,
11,1/3/22,T3,100,2/14/22,Evelyn,Ceriodaphnia,0,
11,1/3/22,T3,100,2/14/22,Evelyn,Daphnia,2,
11,1/3/22,T3,100,2/14/22,Evelyn,Mosquito,8,
12,1/3/22,T3,100,2/15/22,Luke Willett,Calanoid,2,
12,1/3/22,T3,100,2/15/22,Luke Willett,Cyclopoid,0,
12,1/3/22,T3,100,2/15/22,Luke Willett,Chironomid,0,
12,1/3/22,T3,100,2/15/22,Luke Willett,Nauplii,0,
12,1/3/22,T3,100,2/15/22,Luke Willett,Kellicottia,0,
12,1/3/22,T3,100,2/15/22,Luke Willett,Keratella,0,
12,1/3/22,T3,100,2/15/22,Luke Willett,Daphnia,17,
12,1/3/22,T3,100,2/15/22,Luke Willett,Mosquito,0,
12,1/3/22,T3,100,2/15/22,Luke Willett,Mayfly,1,
13,1/3/22,T3,100,2/14/22,Evelyn,Calanoid,0,
13,1/3/22,T3,100,2/14/22,Evelyn,Cyclopoid,1,
13,1/3/22,T3,100,2/14/22,Evelyn,Chironomid,0,
13,1/3/22,T3,100,2/14/22,Evelyn,Nauplii,16,
13,1/3/22,T3,100,2/14/22,Evelyn,Ephipium,7,
13,1/3/22,T3,100,2/14/22,Evelyn,Mayfly,1,
13,1/3/22,T3,100,2/14/22,Evelyn,Bosmina,0,
13,1/3/22,T3,100,2/14/22,Evelyn,Ceriodaphnia,0,
13,1/3/22,T3,100,2/14/22,Evelyn,Daphnia,0,
13,1/3/22,T3,100,2/14/22,Evelyn,Mosquito,3,
15,1/3/22,T3,100,2/14/22,Evelyn,Calanoid,0,
15,1/3/22,T3,100,2/14/22,Evelyn,Cyclopoid,0,
15,1/3/22,T3,100,2/14/22,Evelyn,Chironomid,0,
15,1/3/22,T3,100,2/14/22,Evelyn,Nauplii,30,
15,1/3/22,T3,100,2/14/22,Evelyn,Ephipium,6,
15,1/3/22,T3,100,2/14/22,Evelyn,Keratella,0,
15,1/3/22,T3,100,2/14/22,Evelyn,Bosmina,0,
15,1/3/22,T3,100,2/14/22,Evelyn,Ceriodaphnia,7,
15,1/3/22,T3,100,2/14/22,Evelyn,Daphnia,13,
15,1/3/22,T3,100,2/14/22,Evelyn,Mosquito,2,
16,1/3/22,T3,100,2/13/22,Ariana,Calanoid,1,
16,1/3/22,T3,100,2/13/22,Ariana,Cyclopoid,0,
16,1/3/22,T3,100,2/13/22,Ariana,Nauplii,0,
16,1/3/22,T3,100,2/13/22,Ariana,Chironomid,0,
16,1/3/22,T3,100,2/13/22,Ariana,Keratella,0,
16,1/3/22,T3,100,2/13/22,Ariana,Kellicottia,0,
16,1/3/22,T3,100,2/13/22,Ariana,Asplanchna,0,
16,1/3/22,T3,100,2/13/22,Ariana,Bosmina,0,
16,1/3/22,T3,100,2/13/22,Ariana,Ceriodaphnia,0,
16,1/3/22,T3,100,2/13/22,Ariana,Daphnia,19,
16,1/3/22,T3,100,2/13/22,Ariana,Mosquito,0,
16,1/3/22,T3,100,2/13/22,Ariana,Ephipium,19,
18,1/3/22,T3,100,2/14/22,Evelyn,Calanoid,3,
18,1/3/22,T3,100,2/14/22,Evelyn,Cyclopoid,0,
18,1/3/22,T3,100,2/14/22,Evelyn,Chironomid,0,
18,1/3/22,T3,100,2/14/22,Evelyn,Nauplii,11,
18,1/3/22,T3,100,2/14/22,Evelyn,Ephipium,16,
18,1/3/22,T3,100,2/14/22,Evelyn,Keratella,0,
18,1/3/22,T3,100,2/14/22,Evelyn,Bosmina,0,
18,1/3/22,T3,100,2/14/22,Evelyn,Ceriodaphnia,0,
18,1/3/22,T3,100,2/14/22,Evelyn,Daphnia,51,
18,1/3/22,T3,100,2/14/22,Evelyn,Mosquito,3,
19,1/3/22,T3,100,2/14/22,Evelyn,Calanoid,0,
19,1/3/22,T3,100,2/14/22,Evelyn,Cyclopoid,1,
19,1/3/22,T3,100,2/14/22,Evelyn,Chironomid,1,
19,1/3/22,T3,100,2/14/22,Evelyn,Nauplii,22,
19,1/3/22,T3,100,2/14/22,Evelyn,Ephipium,5,
19,1/3/22,T3,100,2/14/22,Evelyn,Keratella,0,
19,1/3/22,T3,100,2/14/22,Evelyn,Bosmina,0,
19,1/3/22,T3,100,2/14/22,Evelyn,Ceriodaphnia,0,
19,1/3/22,T3,100,2/14/22,Evelyn,Daphnia,2,
19,1/3/22,T3,100,2/14/22,Evelyn,Mosquito,0,
20,1/3/22,T3,100,2/12/22,Ariana,Calanoid,0,
20,1/3/22,T3,100,2/12/22,Ariana,Cyclopoid,1,
20,1/3/22,T3,100,2/12/22,Ariana,Nauplii,0,
20,1/3/22,T3,100,2/12/22,Ariana,Chironomid,0,
20,1/3/22,T3,100,2/12/22,Ariana,Keratella,0,
20,1/3/22,T3,100,2/12/22,Ariana,Kellicottia,0,
20,1/3/22,T3,100,2/12/22,Ariana,Asplanchna,0,
20,1/3/22,T3,100,2/12/22,Ariana,Bosmina,0,
20,1/3/22,T3,100,2/12/22,Ariana,Ceriodaphnia,0,
20,1/3/22,T3,100,2/12/22,Ariana,Daphnia,4,
20,1/3/22,T3,100,2/12/22,Ariana,Mosquito,8,
20,1/3/22,T3,100,2/12/22,Ariana,Ephipium,2,
21,1/3/22,T3,100,2/14/22,Evelyn,Calanoid,0,
21,1/3/22,T3,100,2/14/22,Evelyn,Cyclopoid,0,
21,1/3/22,T3,100,2/14/22,Evelyn,Chironomid,0,
21,1/3/22,T3,100,2/14/22,Evelyn,Nauplii,111,
21,1/3/22,T3,100,2/14/22,Evelyn,Ephipium,5,
21,1/3/22,T3,100,2/14/22,Evelyn,Keratella,0,
21,1/3/22,T3,100,2/14/22,Evelyn,Bosmina,0,
21,1/3/22,T3,100,2/14/22,Evelyn,Ceriodaphnia,0,
21,1/3/22,T3,100,2/14/22,Evelyn,Daphnia,6,
21,1/3/22,T3,100,2/14/22,Evelyn,Mosquito,0,
23,1/3/22,T3,100,2/14/22,Evelyn,Calanoid,0,
23,1/3/22,T3,100,2/14/22,Evelyn,Cyclopoid,0,
23,1/3/22,T3,100,2/14/22,Evelyn,Chironomid,0,
23,1/3/22,T3,100,2/14/22,Evelyn,Nauplii,4,
23,1/3/22,T3,100,2/14/22,Evelyn,Ephipium,0,
23,1/3/22,T3,100,2/14/22,Evelyn,Keratella,0,
23,1/3/22,T3,100,2/14/22,Evelyn,Bosmina,0,
23,1/3/22,T3,100,2/14/22,Evelyn,Ceriodaphnia,0,
23,1/3/22,T3,100,2/14/22,Evelyn,Daphnia,2,
23,1/3/22,T3,100,2/14/22,Evelyn,Mosquito,0,
24,1/3/22,T3,100,2/15/22,Luke Willett,Calanoid,0,
24,1/3/22,T3,100,2/15/22,Luke Willett,Cyclopoid,0,
24,1/3/22,T3,100,2/15/22,Luke Willett,Chironomid,0,
24,1/3/22,T3,100,2/15/22,Luke Willett,Nauplii,0,
24,1/3/22,T3,100,2/15/22,Luke Willett,Kellicottia,0,
24,1/3/22,T3,100,2/15/22,Luke Willett,Keratella,0,
24,1/3/22,T3,100,2/15/22,Luke Willett,Daphnia,73,
24,1/3/22,T3,100,2/15/22,Luke Willett,Mosquito,3,
24,1/3/22,T3,100,2/15/22,Luke Willett,Mosquito,1,
24,1/3/22,T3,100,2/15/22,Luke Willett,Mayfly,0,
25,1/3/22,T3,100,2/13/22,Ariana,Calanoid,0,
25,1/3/22,T3,100,2/13/22,Ariana,Cyclopoid,1,
25,1/3/22,T3,100,2/13/22,Ariana,Nauplii,0,
25,1/3/22,T3,100,2/13/22,Ariana,Chironomid,0,
25,1/3/22,T3,100,2/13/22,Ariana,Keratella,0,
25,1/3/22,T3,100,2/13/22,Ariana,Kellicottia,0,
25,1/3/22,T3,100,2/13/22,Ariana,Asplanchna,0,
25,1/3/22,T3,100,2/13/22,Ariana,Bosmina,0,
25,1/3/22,T3,100,2/13/22,Ariana,Ceriodaphnia,3,
25,1/3/22,T3,100,2/13/22,Ariana,Daphnia,6,
25,1/3/22,T3,100,2/13/22,Ariana,Mosquito,0,
25,1/3/22,T3,100,2/13/22,Ariana,Ephipium,4,
26,1/3/22,T3,100,2/12/22,Ariana,Calanoid,0,
26,1/3/22,T3,100,2/12/22,Ariana,Cyclopoid,1,
26,1/3/22,T3,100,2/12/22,Ariana,Nauplii,2,
26,1/3/22,T3,100,2/12/22,Ariana,Chironomid,0,
26,1/3/22,T3,100,2/12/22,Ariana,Keratella,0,
26,1/3/22,T3,100,2/12/22,Ariana,Kellicottia,0,
26,1/3/22,T3,100,2/12/22,Ariana,Asplanchna,0,
26,1/3/22,T3,100,2/12/22,Ariana,Bosmina,0,
26,1/3/22,T3,100,2/12/22,Ariana,Ceriodaphnia,0,
26,1/3/22,T3,100,2/12/22,Ariana,Daphnia,50,
26,1/3/22,T3,100,2/12/22,Ariana,Mosquito,5,
26,1/3/22,T3,100,2/12/22,Ariana,Ephipium,3,
26,1/3/22,T3,100,2/12/22,Ariana,Unknown 4,1,Terrestrial Bug
26,1/3/22,T3,100,2/12/22,Ariana,Unknown 1,1,Terrestrial Bug
26,1/3/22,T3,100,2/12/22,Ariana,Mayfly,1,
27,1/3/22,T3,100,2/14/22,Evelyn,Calanoid,0,
27,1/3/22,T3,100,2/14/22,Evelyn,Cyclopoid,0,
27,1/3/22,T3,100,2/14/22,Evelyn,Chironomid,0,
27,1/3/22,T3,100,2/14/22,Evelyn,Nauplii,3,
27,1/3/22,T3,100,2/14/22,Evelyn,Ephipium,3,
27,1/3/22,T3,100,2/14/22,Evelyn,Keratella,0,
27,1/3/22,T3,100,2/14/22,Evelyn,Bosmina,0,
27,1/3/22,T3,100,2/14/22,Evelyn,Ceriodaphnia,0,
27,1/3/22,T3,100,2/14/22,Evelyn,Daphnia,8,
27,1/3/22,T3,100,2/14/22,Evelyn,Mosquito,2,
28,1/3/22,T3,100,2/15/22,Luke Willett,Calanoid,0,
28,1/3/22,T3,100,2/15/22,Luke Willett,Cyclopoid,1,
28,1/3/22,T3,100,2/15/22,Luke Willett,Chironomid,0,
28,1/3/22,T3,100,2/15/22,Luke Willett,Nauplii,0,
28,1/3/22,T3,100,2/15/22,Luke Willett,Kellicottia,0,
28,1/3/22,T3,100,2/15/22,Luke Willett,Keratella,0,
28,1/3/22,T3,100,2/15/22,Luke Willett,Daphnia,9,
28,1/3/22,T3,100,2/15/22,Luke Willett,Mosquito,43,
28,1/3/22,T3,100,2/15/22,Luke Willett,Mayfly,0,
29,1/3/22,T3,100,2/12/22,Ariana,Calanoid,0,
29,1/3/22,T3,100,2/12/22,Ariana,Cyclopoid,0,
29,1/3/22,T3,100,2/12/22,Ariana,Nauplii,3,
29,1/3/22,T3,100,2/12/22,Ariana,Chironomid,0,
29,1/3/22,T3,100,2/12/22,Ariana,Keratella,0,
29,1/3/22,T3,100,2/12/22,Ariana,Kellicottia,0,
29,1/3/22,T3,100,2/12/22,Ariana,Asplanchna,0,
29,1/3/22,T3,100,2/12/22,Ariana,Bosmina,0,
29,1/3/22,T3,100,2/12/22,Ariana,Ceriodaphnia,0,
29,1/3/22,T3,100,2/12/22,Ariana,Daphnia,19,
29,1/3/22,T3,100,2/12/22,Ariana,Mosquito,3,
29,1/3/22,T3,100,2/12/22,Ariana,Ephipium,5,
30,1/3/22,T3,100,2/13/22,Ariana,Calanoid,0,
30,1/3/22,T3,100,2/13/22,Ariana,Cyclopoid,0,
30,1/3/22,T3,100,2/13/22,Ariana,Nauplii,0,
30,1/3/22,T3,100,2/13/22,Ariana,Chironomid,0,
30,1/3/22,T3,100,2/13/22,Ariana,Keratella,0,
30,1/3/22,T3,100,2/13/22,Ariana,Kellicottia,0,
30,1/3/22,T3,100,2/13/22,Ariana,Asplanchna,0,
30,1/3/22,T3,100,2/13/22,Ariana,Bosmina,0,
30,1/3/22,T3,100,2/13/22,Ariana,Ceriodaphnia,0,
30,1/3/22,T3,100,2/13/22,Ariana,Daphnia,2,
30,1/3/22,T3,100,2/13/22,Ariana,Mosquito,2,
30,1/3/22,T3,100,2/13/22,Ariana,Ephipium,4,
22,1/3/22,T3,100,2/14/22,Evelyn,Calanoid,1,
22,1/3/22,T3,100,2/14/22,Evelyn,Cyclopoid,0,
22,1/3/22,T3,100,2/14/22,Evelyn,Chironomid,0,
22,1/3/22,T3,100,2/14/22,Evelyn,Nauplii,4,
22,1/3/22,T3,100,2/14/22,Evelyn,Ephipium,2,
22,1/3/22,T3,100,2/14/22,Evelyn,Keratella,0,
22,1/3/22,T3,100,2/14/22,Evelyn,Bosmina,0,
22,1/3/22,T3,100,2/14/22,Evelyn,Ceriodaphnia,0,
22,1/3/22,T3,100,2/14/22,Evelyn,Daphnia,10,
22,1/3/22,T3,100,2/14/22,Evelyn,Mosquito,0,
14,1/3/22,T3,100,2/14/22,Evelyn,Calanoid,2,
14,1/3/22,T3,100,2/14/22,Evelyn,Cyclopoid,0,
14,1/3/22,T3,100,2/14/22,Evelyn,Chironomid,0,
14,1/3/22,T3,100,2/14/22,Evelyn,Nauplii,5,
14,1/3/22,T3,100,2/14/22,Evelyn,Ephipium,18,
14,1/3/22,T3,100,2/14/22,Evelyn,Keratella,0,
14,1/3/22,T3,100,2/14/22,Evelyn,Bosmina,0,
14,1/3/22,T3,100,2/14/22,Evelyn,Ceriodaphnia,0,
14,1/3/22,T3,100,2/14/22,Evelyn,Daphnia,38,
14,1/3/22,T3,100,2/14/22,Evelyn,Mosquito,0,
17,1/3/22,T3,100,2/14/22,Evelyn,Calanoid,1,
17,1/3/22,T3,100,2/14/22,Evelyn,Cyclopoid,0,
17,1/3/22,T3,100,2/14/22,Evelyn,Chironomid,0,
17,1/3/22,T3,100,2/14/22,Evelyn,Nauplii,17,
17,1/3/22,T3,100,2/14/22,Evelyn,Ephipium,8,
17,1/3/22,T3,100,2/14/22,Evelyn,Keratella,0,
17,1/3/22,T3,100,2/14/22,Evelyn,Bosmina,0,
17,1/3/22,T3,100,2/14/22,Evelyn,Ceriodaphnia,0,
17,1/3/22,T3,100,2/14/22,Evelyn,Daphnia,8,
17,1/3/22,T3,100,2/14/22,Evelyn,Mosquito,0,
1,2/1/22,T4,100,2/16/22,Bauti,Calanoid,0,
1,2/1/22,T4,100,2/16/22,Bauti,Cyclopoid,1,
1,2/1/22,T4,100,2/16/22,Bauti,Chironomid,0,
1,2/1/22,T4,100,2/16/22,Bauti,Nauplii,2,
1,2/1/22,T4,100,2/16/22,Bauti,Ephipium,0,
1,2/1/22,T4,100,2/16/22,Bauti,Keratella,0,
1,2/1/22,T4,100,2/16/22,Bauti,Bosmina,0,
1,2/1/22,T4,100,2/16/22,Bauti,Ceriodaphnia,0,
1,2/1/22,T4,100,2/16/22,Bauti,Daphnia,21,
1,2/1/22,T4,100,2/16/22,Bauti,Mosquito,17,
2,2/1/22,T4,100,2/16/22,Bauti,Calanoid,0,
2,2/1/22,T4,100,2/16/22,Bauti,Cyclopoid,0,
2,2/1/22,T4,100,2/16/22,Bauti,Chironomid,0,
2,2/1/22,T4,100,2/16/22,Bauti,Nauplii,1,
2,2/1/22,T4,100,2/16/22,Bauti,Ephipium,0,
2,2/1/22,T4,100,2/16/22,Bauti,Keratella,0,
2,2/1/22,T4,100,2/16/22,Bauti,Bosmina,0,
2,2/1/22,T4,100,2/16/22,Bauti,Ceriodaphnia,0,
2,2/1/22,T4,100,2/16/22,Bauti,Daphnia,26,
2,2/1/22,T4,100,2/16/22,Bauti,Mosquito,0,
3,2/1/22,T4,100,2/16/22,Bauti,Calanoid,0,
3,2/1/22,T4,100,2/16/22,Bauti,Cyclopoid,0,
3,2/1/22,T4,100,2/16/22,Bauti,Chironomid,0,
3,2/1/22,T4,100,2/16/22,Bauti,Nauplii,4,
3,2/1/22,T4,100,2/16/22,Bauti,Ephipium,0,
3,2/1/22,T4,100,2/16/22,Bauti,Keratella,0,
3,2/1/22,T4,100,2/16/22,Bauti,Bosmina,0,
3,2/1/22,T4,100,2/16/22,Bauti,Ceriodaphnia,0,
3,2/1/22,T4,100,2/16/22,Bauti,Daphnia,29,
3,2/1/22,T4,100,2/16/22,Bauti,Mosquito,14,
4,2/1/22,T4,100,2/16/22,Bauti,Calanoid,0,dragonfly larvae and juveniles
4,2/1/22,T4,100,2/16/22,Bauti,Cyclopoid,0,
4,2/1/22,T4,100,2/16/22,Bauti,Chironomid,0,
4,2/1/22,T4,100,2/16/22,Bauti,Nauplii,0,
4,2/1/22,T4,100,2/16/22,Bauti,Ephipium,0,
4,2/1/22,T4,100,2/16/22,Bauti,Keratella,0,
4,2/1/22,T4,100,2/16/22,Bauti,Bosmina,0,
4,2/1/22,T4,100,2/16/22,Bauti,Ceriodaphnia,0,
4,2/1/22,T4,100,2/16/22,Bauti,Daphnia,1,
4,2/1/22,T4,100,2/16/22,Bauti,Mosquito,0,
5,2/1/22,T4,100,2/16/22,Bauti,Calanoid,0,
5,2/1/22,T4,100,2/16/22,Bauti,Cyclopoid,0,
5,2/1/22,T4,100,2/16/22,Bauti,Chironomid,0,
5,2/1/22,T4,100,2/16/22,Bauti,Nauplii,0,
5,2/1/22,T4,100,2/16/22,Bauti,Ephipium,0,
5,2/1/22,T4,100,2/16/22,Bauti,Keratella,0,
5,2/1/22,T4,100,2/16/22,Bauti,Bosmina,0,
5,2/1/22,T4,100,2/16/22,Bauti,Ceriodaphnia,10,
5,2/1/22,T4,100,2/16/22,Bauti,Daphnia,115,
5,2/1/22,T4,100,2/16/22,Bauti,Mosquito,6,
6,2/1/22,T4,100,2/17/22,Evelyn,Calanoid,3,
6,2/1/22,T4,100,2/17/22,Evelyn,Cyclopoid,0,
6,2/1/22,T4,100,2/17/22,Evelyn,Chironomid,0,
6,2/1/22,T4,100,2/17/22,Evelyn,Nauplii,4,
6,2/1/22,T4,100,2/17/22,Evelyn,Ephipium,6,
6,2/1/22,T4,100,2/17/22,Evelyn,Mayfly,3,
6,2/1/22,T4,100,2/17/22,Evelyn,Bosmina,0,
6,2/1/22,T4,100,2/17/22,Evelyn,Ceriodaphnia,0,
6,2/1/22,T4,100,2/17/22,Evelyn,Daphnia,4,
6,2/1/22,T4,100,2/17/22,Evelyn,Mosquito,0,
7,2/1/22,T4,100,2/17/22,Evelyn,Calanoid,0,
7,2/1/22,T4,100,2/17/22,Evelyn,Cyclopoid,2,
7,2/1/22,T4,100,2/17/22,Evelyn,Chironomid,0,
7,2/1/22,T4,100,2/17/22,Evelyn,Nauplii,1,
7,2/1/22,T4,100,2/17/22,Evelyn,Ephipium,2,
7,2/1/22,T4,100,2/17/22,Evelyn,Keratella,0,
7,2/1/22,T4,100,2/17/22,Evelyn,Worm things,3,
7,2/1/22,T4,100,2/17/22,Evelyn,Ceriodaphnia,1,
7,2/1/22,T4,100,2/17/22,Evelyn,Daphnia,130,
7,2/1/22,T4,100,2/17/22,Evelyn,Mosquito,8,
8,2/1/22,T4,100,2/19/22,Ariana,Calanoid,3,
8,2/1/22,T4,100,2/19/22,Ariana,Cyclopoid,0,
8,2/1/22,T4,100,2/19/22,Ariana,Nauplii,17,
8,2/1/22,T4,100,2/19/22,Ariana,Chironomid,0,
8,2/1/22,T4,100,2/19/22,Ariana,Keratella,0,
8,2/1/22,T4,100,2/19/22,Ariana,Kellicottia,0,
8,2/1/22,T4,100,2/19/22,Ariana,Asplanchna,0,
8,2/1/22,T4,100,2/19/22,Ariana,Bosmina,0,
8,2/1/22,T4,100,2/19/22,Ariana,Ceriodaphnia,0,
8,2/1/22,T4,100,2/19/22,Ariana,Daphnia,5,
8,2/1/22,T4,100,2/19/22,Ariana,Mosquito,11,
8,2/1/22,T4,100,2/19/22,Ariana,Ephipium,9,
8,2/1/22,T4,100,2/19/22,Ariana,Worm,1,
8,2/1/22,T4,100,2/19/22,Ariana,Mite,1,
9,2/1/22,T4,100,2/21/22,Evelyn,Calanoid,0,
9,2/1/22,T4,100,2/21/22,Evelyn,Cyclopoid,1,
9,2/1/22,T4,100,2/21/22,Evelyn,Chironomid,3,
9,2/1/22,T4,100,2/21/22,Evelyn,Nauplii,5,
9,2/1/22,T4,100,2/21/22,Evelyn,Ephipium,5,
9,2/1/22,T4,100,2/21/22,Evelyn,Keratella,0,
9,2/1/22,T4,100,2/21/22,Evelyn,Bosmina,0,
9,2/1/22,T4,100,2/21/22,Evelyn,Ceriodaphnia,0,
9,2/1/22,T4,100,2/21/22,Evelyn,Daphnia,2,
9,2/1/22,T4,100,2/21/22,Evelyn,Mosquito,18,
10,2/1/22,T4,100,2/21/22,Evelyn,Calanoid,6,
10,2/1/22,T4,100,2/21/22,Evelyn,Cyclopoid,0,
10,2/1/22,T4,100,2/21/22,Evelyn,Chironomid,0,
10,2/1/22,T4,100,2/21/22,Evelyn,Nauplii,10,
10,2/1/22,T4,100,2/21/22,Evelyn,Ephipium,15,
10,2/1/22,T4,100,2/21/22,Evelyn,Keratella,0,
10,2/1/22,T4,100,2/21/22,Evelyn,Bosmina,0,
10,2/1/22,T4,100,2/21/22,Evelyn,Ceriodaphnia,1,
10,2/1/22,T4,100,2/21/22,Evelyn,Daphnia,76,
10,2/1/22,T4,100,2/21/22,Evelyn,Mosquito,2,
11,2/1/22,T4,100,2/21/22,Evelyn,Calanoid,0,
11,2/1/22,T4,100,2/21/22,Evelyn,Cyclopoid,0,
11,2/1/22,T4,100,2/21/22,Evelyn,Chironomid,1,
11,2/1/22,T4,100,2/21/22,Evelyn,Nauplii,2,
11,2/1/22,T4,100,2/21/22,Evelyn,Ephipium,5,
11,2/1/22,T4,100,2/21/22,Evelyn,Keratella,0,
11,2/1/22,T4,100,2/21/22,Evelyn,Bosmina,0,
11,2/1/22,T4,100,2/21/22,Evelyn,Ceriodaphnia,1,
11,2/1/22,T4,100,2/21/22,Evelyn,Daphnia,26,
11,2/1/22,T4,100,2/21/22,Evelyn,Mosquito,2,
12,2/1/22,T4,100,2/21/22,Evelyn,Calanoid,1,
12,2/1/22,T4,100,2/21/22,Evelyn,Cyclopoid,0,
12,2/1/22,T4,100,2/21/22,Evelyn,Chironomid,0,
12,2/1/22,T4,100,2/21/22,Evelyn,Nauplii,0,
12,2/1/22,T4,100,2/21/22,Evelyn,Ephipium,7,
12,2/1/22,T4,100,2/21/22,Evelyn,Keratella,0,
12,2/1/22,T4,100,2/21/22,Evelyn,Bosmina,0,
12,2/1/22,T4,100,2/21/22,Evelyn,Ceriodaphnia,0,
12,2/1/22,T4,100,2/21/22,Evelyn,Daphnia,2,
12,2/1/22,T4,100,2/21/22,Evelyn,Mosquito,1,
13,2/1/22,T4,100,2/21/22,Evelyn,Calanoid,0,
13,2/1/22,T4,100,2/21/22,Evelyn,Cyclopoid,0,
13,2/1/22,T4,100,2/21/22,Evelyn,Chironomid,3,
13,2/1/22,T4,100,2/21/22,Evelyn,Nauplii,5,
13,2/1/22,T4,100,2/21/22,Evelyn,Ephipium,8,
13,2/1/22,T4,100,2/21/22,Evelyn,Keratella,0,
13,2/1/22,T4,100,2/21/22,Evelyn,Bosmina,0,
13,2/1/22,T4,100,2/21/22,Evelyn,Ceriodaphnia,1,
13,2/1/22,T4,100,2/21/22,Evelyn,Daphnia,3,
13,2/1/22,T4,100,2/21/22,Evelyn,Mosquito,7,
14,2/1/22,T4,100,2/17/22,Evelyn,Calanoid,3,
14,2/1/22,T4,100,2/17/22,Evelyn,Cyclopoid,1,
14,2/1/22,T4,100,2/17/22,Evelyn,Chironomid,1,
14,2/1/22,T4,100,2/17/22,Evelyn,Nauplii,14,
14,2/1/22,T4,100,2/17/22,Evelyn,Ephipium,39,
14,2/1/22,T4,100,2/17/22,Evelyn,Keratella,0,
14,2/1/22,T4,100,2/17/22,Evelyn,Bosmina,0,
14,2/1/22,T4,100,2/17/22,Evelyn,Ceriodaphnia,0,
14,2/1/22,T4,100,2/17/22,Evelyn,Daphnia,59,
14,2/1/22,T4,100,2/17/22,Evelyn,Mosquito,3,
15,2/1/22,T4,100,2/21/22,Evelyn,Calanoid,1,
15,2/1/22,T4,100,2/21/22,Evelyn,Cyclopoid,0,
15,2/1/22,T4,100,2/21/22,Evelyn,Chironomid,0,
15,2/1/22,T4,100,2/21/22,Evelyn,Nauplii,0,
15,2/1/22,T4,100,2/21/22,Evelyn,Ephipium,0,
15,2/1/22,T4,100,2/21/22,Evelyn,Keratella,0,
15,2/1/22,T4,100,2/21/22,Evelyn,Bosmina,0,
15,2/1/22,T4,100,2/21/22,Evelyn,Ceriodaphnia,56,
15,2/1/22,T4,100,2/21/22,Evelyn,Daphnia,67,
15,2/1/22,T4,100,2/21/22,Evelyn,Mosquito,0,
16,2/1/22,T4,100,2/17/22,Evelyn,Calanoid,1,
16,2/1/22,T4,100,2/17/22,Evelyn,Cyclopoid,0,
16,2/1/22,T4,100,2/17/22,Evelyn,Chironomid,0,
16,2/1/22,T4,100,2/17/22,Evelyn,Nauplii,3,
16,2/1/22,T4,100,2/17/22,Evelyn,Ephipium,133,
16,2/1/22,T4,100,2/17/22,Evelyn,Keratella,0,
16,2/1/22,T4,100,2/17/22,Evelyn,Bosmina,0,
16,2/1/22,T4,100,2/17/22,Evelyn,Ceriodaphnia,0,
16,2/1/22,T4,100,2/17/22,Evelyn,Daphnia,68,
16,2/1/22,T4,100,2/17/22,Evelyn,Mosquito,7,
17,2/1/22,T4,100,2/19/22,Ariana,Calanoid,6,
17,2/1/22,T4,100,2/19/22,Ariana,Cyclopoid,0,
17,2/1/22,T4,100,2/19/22,Ariana,Nauplii,0,
17,2/1/22,T4,100,2/19/22,Ariana,Chironomid,0,
17,2/1/22,T4,100,2/19/22,Ariana,Keratella,0,
17,2/1/22,T4,100,2/19/22,Ariana,Kellicottia,0,
17,2/1/22,T4,100,2/19/22,Ariana,Asplanchna,0,
17,2/1/22,T4,100,2/19/22,Ariana,Bosmina,0,
17,2/1/22,T4,100,2/19/22,Ariana,Ceriodaphnia,0,
17,2/1/22,T4,100,2/19/22,Ariana,Daphnia,72,
17,2/1/22,T4,100,2/19/22,Ariana,Mosquito,5,
17,2/1/22,T4,100,2/19/22,Ariana,Ephipium,141,
17,2/1/22,T4,100,2/19/22,Ariana,Unknown 5,1,
18,2/1/22,T4,100,2/19/22,Ariana,Calanoid,12,
18,2/1/22,T4,100,2/19/22,Ariana,Cyclopoid,0,
18,2/1/22,T4,100,2/19/22,Ariana,Nauplii,15,
18,2/1/22,T4,100,2/19/22,Ariana,Chironomid,0,
18,2/1/22,T4,100,2/19/22,Ariana,Keratella,0,
18,2/1/22,T4,100,2/19/22,Ariana,Kellicottia,0,
18,2/1/22,T4,100,2/19/22,Ariana,Asplanchna,0,
18,2/1/22,T4,100,2/19/22,Ariana,Bosmina,0,
18,2/1/22,T4,100,2/19/22,Ariana,Ceriodaphnia,0,
18,2/1/22,T4,100,2/19/22,Ariana,Daphnia,398,
18,2/1/22,T4,100,2/19/22,Ariana,Mosquito,6,
18,2/1/22,T4,100,2/19/22,Ariana,Ephipium,23,
18,2/1/22,T4,100,2/19/22,Ariana,Unknown 6,1,
18,2/1/22,T4,100,2/19/22,Ariana,Unknown 7,1,
19,2/1/22,T4,100,2/21/22,Evelyn,Calanoid,1,
19,2/1/22,T4,100,2/21/22,Evelyn,Cyclopoid,0,
19,2/1/22,T4,100,2/21/22,Evelyn,Chironomid,0,
19,2/1/22,T4,100,2/21/22,Evelyn,Nauplii,10,
19,2/1/22,T4,100,2/21/22,Evelyn,Ephipium,22,
19,2/1/22,T4,100,2/21/22,Evelyn,Keratella,0,
19,2/1/22,T4,100,2/21/22,Evelyn,Bosmina,0,
19,2/1/22,T4,100,2/21/22,Evelyn,Ceriodaphnia,135,
19,2/1/22,T4,100,2/21/22,Evelyn,Daphnia,3,
19,2/1/22,T4,100,2/21/22,Evelyn,Mosquito,2,
20,2/1/22,T4,100,2/17/22,Luke Willett,Calanoid,2,
20,2/1/22,T4,100,2/17/22,Luke Willett,Cyclopoid,0,
20,2/1/22,T4,100,2/17/22,Luke Willett,Chironomid,0,
20,2/1/22,T4,100,2/17/22,Luke Willett,Nauplii,8,
20,2/1/22,T4,100,2/17/22,Luke Willett,Kellicottia,0,
20,2/1/22,T4,100,2/17/22,Luke Willett,Keratella,0,
20,2/1/22,T4,100,2/17/22,Luke Willett,Daphnia,2,
20,2/1/22,T4,100,2/17/22,Luke Willett,Mosquito,6,
20,2/1/22,T4,100,2/17/22,Luke Willett,Mayfly,0,
21,2/1/22,T4,100,2/17/22,Luke Willett,Calanoid,0,
21,2/1/22,T4,100,2/17/22,Luke Willett,Cyclopoid,3,
21,2/1/22,T4,100,2/17/22,Luke Willett,Chironomid,0,
21,2/1/22,T4,100,2/17/22,Luke Willett,Nauplii,56,
21,2/1/22,T4,100,2/17/22,Luke Willett,Kellicottia,0,
21,2/1/22,T4,100,2/17/22,Luke Willett,Keratella,0,
21,2/1/22,T4,100,2/17/22,Luke Willett,Daphnia,9,
21,2/1/22,T4,100,2/17/22,Luke Willett,Mosquito,1,
21,2/1/22,T4,100,2/17/22,Luke Willett,Mayfly,0,
22,2/1/22,T4,100,2/17/22,Luke Willett,Calanoid,0,
22,2/1/22,T4,100,2/17/22,Luke Willett,Cyclopoid,1,
22,2/1/22,T4,100,2/17/22,Luke Willett,Chironomid,0,
22,2/1/22,T4,100,2/17/22,Luke Willett,Nauplii,7,
22,2/1/22,T4,100,2/17/22,Luke Willett,Kellicottia,0,
22,2/1/22,T4,100,2/17/22,Luke Willett,Keratella,0,
22,2/1/22,T4,100,2/17/22,Luke Willett,Daphnia,60,
22,2/1/22,T4,100,2/17/22,Luke Willett,Mosquito,1,
22,2/1/22,T4,100,2/17/22,Luke Willett,Mayfly,0,Terrestrial Bug
23,2/1/22,T4,100,2/21/22,Evelyn,Calanoid,0,
23,2/1/22,T4,100,2/21/22,Evelyn,Cyclopoid,0,
23,2/1/22,T4,100,2/21/22,Evelyn,Chironomid,1,
23,2/1/22,T4,100,2/21/22,Evelyn,Nauplii,6,
23,2/1/22,T4,100,2/21/22,Evelyn,Ephipium,4,
23,2/1/22,T4,100,2/21/22,Evelyn,Keratella,0,
23,2/1/22,T4,100,2/21/22,Evelyn,Bosmina,0,
23,2/1/22,T4,100,2/21/22,Evelyn,Ceriodaphnia,0,
23,2/1/22,T4,100,2/21/22,Evelyn,Daphnia,0,
23,2/1/22,T4,100,2/21/22,Evelyn,Mosquito,0,A bit difficult to count
24,2/1/22,T4,100,2/21/22,Evelyn,Calanoid,0,
24,2/1/22,T4,100,2/21/22,Evelyn,Cyclopoid,0,
24,2/1/22,T4,100,2/21/22,Evelyn,Chironomid,1,Terrestrial Bug
24,2/1/22,T4,100,2/21/22,Evelyn,Nauplii,1,Terrestrial Bug
24,2/1/22,T4,100,2/21/22,Evelyn,Ephipium,92,
24,2/1/22,T4,100,2/21/22,Evelyn,Keratella,0,
24,2/1/22,T4,100,2/21/22,Evelyn,Bosmina,0,
24,2/1/22,T4,100,2/21/22,Evelyn,Ceriodaphnia,0,
24,2/1/22,T4,100,2/21/22,Evelyn,Daphnia,118,
24,2/1/22,T4,100,2/21/22,Evelyn,Mosquito,6,
25,2/1/22,T4,100,2/17/22,Luke Willett,Calanoid,0,
25,2/1/22,T4,100,2/17/22,Luke Willett,Cyclopoid,0,
25,2/1/22,T4,100,2/17/22,Luke Willett,Chironomid,0,
25,2/1/22,T4,100,2/17/22,Luke Willett,Nauplii,8,
25,2/1/22,T4,100,2/17/22,Luke Willett,Kellicottia,0,
25,2/1/22,T4,100,2/17/22,Luke Willett,Keratella,0,
25,2/1/22,T4,100,2/17/22,Luke Willett,Daphnia,2,Terrestrial Bug
25,2/1/22,T4,100,2/17/22,Luke Willett,Mosquito,0,
25,2/1/22,T4,100,2/17/22,Luke Willett,Mayfly,1,
26,2/1/22,T4,100,2/17/22,Luke Willett,Calanoid,0,
26,2/1/22,T4,100,2/17/22,Luke Willett,Cyclopoid,0,
26,2/1/22,T4,100,2/17/22,Luke Willett,Chironomid,0,
26,2/1/22,T4,100,2/17/22,Luke Willett,Nauplii,5,
26,2/1/22,T4,100,2/17/22,Luke Willett,Kellicottia,0,
26,2/1/22,T4,100,2/17/22,Luke Willett,Keratella,0,
26,2/1/22,T4,100,2/17/22,Luke Willett,Daphnia,49,
26,2/1/22,T4,100,2/17/22,Luke Willett,Mosquito,0,
26,2/1/22,T4,100,2/17/22,Luke Willett,Mayfly,0,
27,2/1/22,T4,100,2/21/22,Evelyn,Calanoid,0,
27,2/1/22,T4,100,2/21/22,Evelyn,Cyclopoid,0,
27,2/1/22,T4,100,2/21/22,Evelyn,Chironomid,4,
27,2/1/22,T4,100,2/21/22,Evelyn,Nauplii,2,
27,2/1/22,T4,100,2/21/22,Evelyn,Ephipium,10,
27,2/1/22,T4,100,2/21/22,Evelyn,Keratella,0,
27,2/1/22,T4,100,2/21/22,Evelyn,Bosmina,0,
27,2/1/22,T4,100,2/21/22,Evelyn,Ceriodaphnia,0,
27,2/1/22,T4,100,2/21/22,Evelyn,Daphnia,1,
27,2/1/22,T4,100,2/21/22,Evelyn,Mosquito,2,
28,2/1/22,T4,100,2/21/22,Evelyn,Calanoid,0,
28,2/1/22,T4,100,2/21/22,Evelyn,Cyclopoid,1,
28,2/1/22,T4,100,2/21/22,Evelyn,Chironomid,1,
28,2/1/22,T4,100,2/21/22,Evelyn,Nauplii,0,
28,2/1/22,T4,100,2/21/22,Evelyn,Ephipium,45,
28,2/1/22,T4,100,2/21/22,Evelyn,Keratella,0,
28,2/1/22,T4,100,2/21/22,Evelyn,Bosmina,0,
28,2/1/22,T4,100,2/21/22,Evelyn,Ceriodaphnia,0,
28,2/1/22,T4,100,2/21/22,Evelyn,Daphnia,45,
28,2/1/22,T4,100,2/21/22,Evelyn,Mosquito,9,
29,2/1/22,T4,100,2/19/22,Ariana,Calanoid,0,
29,2/1/22,T4,100,2/19/22,Ariana,Cyclopoid,0,
29,2/1/22,T4,100,2/19/22,Ariana,Nauplii,0,
29,2/1/22,T4,100,2/19/22,Ariana,Chironomid,0,
29,2/1/22,T4,100,2/19/22,Ariana,Keratella,0,
29,2/1/22,T4,100,2/19/22,Ariana,Kellicottia,0,
29,2/1/22,T4,100,2/19/22,Ariana,Asplanchna,0,
29,2/1/22,T4,100,2/19/22,Ariana,Bosmina,0,
29,2/1/22,T4,100,2/19/22,Ariana,Ceriodaphnia,0,
29,2/1/22,T4,100,2/19/22,Ariana,Daphnia,4,
29,2/1/22,T4,100,2/19/22,Ariana,Mosquito,0,
29,2/1/22,T4,100,2/19/22,Ariana,Ephipium,44,
29,2/1/22,T4,100,2/19/22,Ariana,Unknown 7,2,
30,2/1/22,T4,100,2/21/22,Evelyn,Calanoid,0,
30,2/1/22,T4,100,2/21/22,Evelyn,Cyclopoid,0,
30,2/1/22,T4,100,2/21/22,Evelyn,Chironomid,2,
30,2/1/22,T4,100,2/21/22,Evelyn,Nauplii,1,
30,2/1/22,T4,100,2/21/22,Evelyn,Ephipium,0,
30,2/1/22,T4,100,2/21/22,Evelyn,Mayfly,1,
30,2/1/22,T4,100,2/21/22,Evelyn,Bosmina,0,
30,2/1/22,T4,100,2/21/22,Evelyn,Ceriodaphnia,0,
30,2/1/22,T4,100,2/21/22,Evelyn,Daphnia,0,
30,2/1/22,T4,100,2/21/22,Evelyn,Mosquito,5,